load,true_pattern,hetero,scale,pred_mode,cdf_mode,value_mode,frozen,calibrated,greedy,fipd,frozen_gap,calibrated_gap,delta,delta_std,runs,frozen_viol,calibrated_viol,delta_ci95
0.8,mixed,high,0.5,type-noisy,correct,exact,1.0,1.0,1.0,0.9714589305926508,0.0,0.0,0.0,0.0,10,0,0,0.0
0.8,mixed,high,0.5,type-noisy,correct,noisy,1.0,1.0,1.0,0.9714589305926508,0.0,0.0,0.0,0.0,10,0,0,0.0
0.8,mixed,high,0.5,type-noisy,shifted,exact,1.0,1.0,1.0,0.9714589305926508,0.0,0.0,0.0,0.0,10,0,0,0.0
0.8,mixed,high,0.5,type-noisy,shifted,noisy,1.0,1.0,1.0,0.9714589305926508,0.0,0.0,0.0,0.0,10,0,0,0.0
0.8,mixed,high,0.5,uniform,correct,exact,1.0,1.0,1.0,0.9714589305926508,0.0,0.0,0.0,0.0,10,0,0,0.0
0.8,mixed,high,0.5,uniform,correct,noisy,1.0,1.0,1.0,0.9714589305926508,0.0,0.0,0.0,0.0,10,0,0,0.0
0.8,mixed,high,0.5,uniform,shifted,exact,1.0,1.0,1.0,0.9714589305926508,0.0,0.0,0.0,0.0,10,0,0,0.0
0.8,mixed,high,0.5,uniform,shifted,noisy,1.0,1.0,1.0,0.9714589305926508,0.0,0.0,0.0,0.0,10,0,0,0.0
0.8,mixed,high,1.0,type-noisy,correct,exact,1.0,1.0,1.0,0.9714589305926508,0.0,0.0,0.0,0.0,10,0,0,0.0
0.8,mixed,high,1.0,type-noisy,correct,noisy,1.0,1.0,1.0,0.9714589305926508,0.0,0.0,0.0,0.0,10,0,0,0.0
0.8,mixed,high,1.0,type-noisy,shifted,exact,1.0,1.0,1.0,0.9714589305926508,0.0,0.0,0.0,0.0,10,0,0,0.0
0.8,mixed,high,1.0,type-noisy,shifted,noisy,1.0,1.0,1.0,0.9714589305926508,0.0,0.0,0.0,0.0,10,0,0,0.0
0.8,mixed,high,1.0,uniform,correct,exact,1.0,1.0,1.0,0.9714589305926508,0.0,0.0,0.0,0.0,10,0,0,0.0
0.8,mixed,high,1.0,uniform,correct,noisy,1.0,1.0,1.0,0.9714589305926508,0.0,0.0,0.0,0.0,10,0,0,0.0
0.8,mixed,high,1.0,uniform,shifted,exact,1.0,1.0,1.0,0.9714589305926508,0.0,0.0,0.0,0.0,10,0,0,0.0
0.8,mixed,high,1.0,uniform,shifted,noisy,1.0,1.0,1.0,0.9714589305926508,0.0,0.0,0.0,0.0,10,0,0,0.0
0.8,mixed,high,1.5,type-noisy,correct,exact,0.9895237356547879,0.9887540157174521,1.0,0.9714589305926508,-0.010476264345212127,-0.011245984282547838,-0.0007697199373357111,0.002210848883513057,10,0,0,0.0013702983347309424
0.8,mixed,high,1.5,type-noisy,correct,noisy,0.9845501993034482,0.9870032772956909,1.0,0.9714589305926508,-0.015449800696551807,-0.01299672270430915,0.0024530779922426584,0.007493698050254197,10,0,0,0.004644642171527773
0.8,mixed,high,1.5,type-noisy,shifted,exact,0.9950302874281857,0.9980618843811861,1.0,0.9714589305926508,-0.004969712571814278,-0.001938115618813907,0.0030315969530003706,0.008125926627976798,10,0,0,0.005036501503788405
0.8,mixed,high,1.5,type-noisy,shifted,noisy,0.9992994797907429,0.9997977353194274,1.0,0.9714589305926508,-0.0007005202092571605,-0.0002022646805725947,0.0004982555286845658,0.0015756223274145875,10,0,0,0.0009765808362217489
0.8,mixed,high,1.5,uniform,correct,exact,0.991658473846519,0.9918996074419641,1.0,0.9714589305926508,-0.00834152615348105,-0.008100392558035796,0.00024113359544525315,0.0007625313819926037,10,0,0,0.0004726218470726961
0.8,mixed,high,1.5,uniform,correct,noisy,0.9908928295656659,0.9924285359822311,1.0,0.9714589305926508,-0.009107170434334112,-0.007571464017768759,0.0015357064165653523,0.004492723867215353,10,0,0,0.002784619102445678
0.8,mixed,high,1.5,uniform,shifted,exact,0.9993578512019463,0.9993578512019463,1.0,0.9714589305926508,-0.0006421487980537322,-0.0006421487980537322,0.0,0.0,10,0,0,0.0
0.8,mixed,high,1.5,uniform,shifted,noisy,0.9997134832298924,0.9998538820011195,1.0,0.9714589305926508,-0.00028651677010765875,-0.00014611799888059052,0.00014039877122706823,0.0004439798977664489,10,0,0,0.00027518159160505373
0.8,mixed,high,2.0,type-noisy,correct,exact,0.967104372779834,0.9760618638709342,1.0,0.9714589305926508,-0.03289562722016607,-0.02393813612906571,0.008957491091100356,0.013608325796567537,10,0,0,0.008434527713120603
0.8,mixed,high,2.0,type-noisy,correct,noisy,0.936158974588696,0.9505480657456067,1.0,0.9714589305926508,-0.06384102541130413,-0.04945193425439324,0.014389091156910883,0.0076346326361477505,10,0,0,0.004731994332860961
0.8,mixed,high,2.0,type-noisy,shifted,exact,0.9752231526111361,0.9903237348146497,1.0,0.9714589305926508,-0.024776847388863855,-0.009676265185350363,0.01510058220351349,0.012366599073922666,10,0,0,0.007664897516810023
0.8,mixed,high,2.0,type-noisy,shifted,noisy,0.9627602448388229,0.9784928026208807,1.0,0.9714589305926508,-0.037239755161177016,-0.021507197379119426,0.015732557782057587,0.014379017009343,10,0,0,0.008912207075709994
0.8,mixed,high,2.0,uniform,correct,exact,0.9748250793424074,0.9749698510286079,1.0,0.9714589305926508,-0.02517492065759256,-0.02503014897139221,0.00014477168620035118,0.003208158059887374,10,0,0,0.0019884369663619103
0.8,mixed,high,2.0,uniform,correct,noisy,0.9465790780134349,0.9518341193224826,1.0,0.9714589305926508,-0.05342092198656517,-0.048165880677517384,0.005255041309047792,0.007477105260981484,10,0,0,0.004634357854187724
0.8,mixed,high,2.0,uniform,shifted,exact,0.9879716813707861,0.9987763757982366,1.0,0.9714589305926508,-0.012028318629213951,-0.001223624201763396,0.010804694427450556,0.006365823113180263,10,0,0,0.00394557804300112
0.8,mixed,high,2.0,uniform,shifted,noisy,0.9867012827161223,0.9987262416519973,1.0,0.9714589305926508,-0.013298717283877593,-0.001273758348002707,0.012024958935874885,0.0075860038863395434,10,0,0,0.00470185392146552
0.8,mixed,low,0.5,type-noisy,correct,exact,1.0,1.0,1.0,1.0,0.0,0.0,0.0,0.0,10,0,0,0.0
0.8,mixed,low,0.5,type-noisy,correct,noisy,1.0,1.0,1.0,1.0,0.0,0.0,0.0,0.0,10,0,0,0.0
0.8,mixed,low,0.5,type-noisy,shifted,exact,1.0,1.0,1.0,1.0,0.0,0.0,0.0,0.0,10,0,0,0.0
0.8,mixed,low,0.5,type-noisy,shifted,noisy,1.0,1.0,1.0,1.0,0.0,0.0,0.0,0.0,10,0,0,0.0
0.8,mixed,low,0.5,uniform,correct,exact,1.0,1.0,1.0,1.0,0.0,0.0,0.0,0.0,10,0,0,0.0
0.8,mixed,low,0.5,uniform,correct,noisy,1.0,1.0,1.0,1.0,0.0,0.0,0.0,0.0,10,0,0,0.0
0.8,mixed,low,0.5,uniform,shifted,exact,1.0,1.0,1.0,1.0,0.0,0.0,0.0,0.0,10,0,0,0.0
0.8,mixed,low,0.5,uniform,shifted,noisy,1.0,1.0,1.0,1.0,0.0,0.0,0.0,0.0,10,0,0,0.0
0.8,mixed,low,1.0,type-noisy,correct,exact,1.0,1.0,1.0,1.0,0.0,0.0,0.0,0.0,10,0,0,0.0
0.8,mixed,low,1.0,type-noisy,correct,noisy,1.0,1.0,1.0,1.0,0.0,0.0,0.0,0.0,10,0,0,0.0
0.8,mixed,low,1.0,type-noisy,shifted,exact,0.9991267697014097,0.9991267697014097,1.0,1.0,-0.0008732302985903107,-0.0008732302985903107,0.0,0.0,10,0,0,0.0
0.8,mixed,low,1.0,type-noisy,shifted,noisy,1.0,1.0,1.0,1.0,0.0,0.0,0.0,0.0,10,0,0,0.0
0.8,mixed,low,1.0,uniform,correct,exact,1.0,1.0,1.0,1.0,0.0,0.0,0.0,0.0,10,0,0,0.0
0.8,mixed,low,1.0,uniform,correct,noisy,1.0,1.0,1.0,1.0,0.0,0.0,0.0,0.0,10,0,0,0.0
0.8,mixed,low,1.0,uniform,shifted,exact,1.0,1.0,1.0,1.0,0.0,0.0,0.0,0.0,10,0,0,0.0
0.8,mixed,low,1.0,uniform,shifted,noisy,1.0,1.0,1.0,1.0,0.0,0.0,0.0,0.0,10,0,0,0.0
0.8,mixed,low,1.5,type-noisy,correct,exact,0.9948127708896195,0.9965103756068393,1.0,1.0,-0.005187229110380531,-0.0034896243931606397,0.0016976047172198917,0.005368297473060922,10,0,0,0.0033273052457509873
0.8,mixed,low,1.5,type-noisy,correct,noisy,0.9992272494424865,0.9992272494424865,1.0,1.0,-0.0007727505575135241,-0.0007727505575135241,0.0,0.0,10,0,0,0.0
0.8,mixed,low,1.5,type-noisy,shifted,exact,0.9975487739929656,0.9975487739929656,1.0,1.0,-0.0024512260070343127,-0.0024512260070343127,0.0,0.0,10,0,0,0.0
0.8,mixed,low,1.5,type-noisy,shifted,noisy,1.0,1.0,1.0,1.0,0.0,0.0,0.0,0.0,10,0,0,0.0
0.8,mixed,low,1.5,uniform,correct,exact,0.9975487739929656,0.9975487739929656,1.0,1.0,-0.0024512260070343127,-0.0024512260070343127,0.0,0.0,10,0,0,0.0
0.8,mixed,low,1.5,uniform,correct,noisy,1.0,1.0,1.0,1.0,0.0,0.0,0.0,0.0,10,0,0,0.0
0.8,mixed,low,1.5,uniform,shifted,exact,0.9975487739929656,0.9975487739929656,1.0,1.0,-0.0024512260070343127,-0.0024512260070343127,0.0,0.0,10,0,0,0.0
0.8,mixed,low,1.5,uniform,shifted,noisy,0.9992503859314523,0.9992503859314523,1.0,1.0,-0.0007496140685476993,-0.0007496140685476993,0.0,0.0,10,0,0,0.0
0.8,mixed,low,2.0,type-noisy,correct,exact,0.9884856087897302,0.9931962333534685,1.0,1.0,-0.011514391210269714,-0.006803766646531451,0.004710624563738264,0.006533171245722524,10,0,0,0.00404930149015894
0.8,mixed,low,2.0,type-noisy,correct,noisy,0.9809807171098435,0.9906553904419496,1.0,1.0,-0.01901928289015651,-0.009344609558050266,0.009674673332106244,0.010690967222601294,10,0,0,0.006626330135470393
0.8,mixed,low,2.0,type-noisy,shifted,exact,0.9939673242724988,0.9939673242724988,1.0,1.0,-0.00603267572750118,-0.00603267572750118,0.0,0.0,10,0,0,0.0
0.8,mixed,low,2.0,type-noisy,shifted,noisy,0.9883318575099944,0.9955613086615329,1.0,1.0,-0.01166814249000565,-0.004438691338467094,0.007229451151538557,0.015469530078257358,10,0,0,0.009588114078436103
0.8,mixed,low,2.0,uniform,correct,exact,0.993519213187008,0.9950160375395705,1.0,1.0,-0.006480786812991935,-0.0049839624604295476,0.001496824352562387,0.003157584696105718,10,0,0,0.001957091270738596
0.8,mixed,low,2.0,uniform,correct,noisy,0.9912144406260659,0.9912144406260659,1.0,1.0,-0.008785559373934137,-0.008785559373934137,0.0,0.0,10,0,0,0.0
0.8,mixed,low,2.0,uniform,shifted,exact,0.9957748029796221,0.9957748029796221,1.0,1.0,-0.004225197020377947,-0.004225197020377947,0.0,0.0,10,0,0,0.0
0.8,mixed,low,2.0,uniform,shifted,noisy,0.9983334921307658,0.9983334921307658,1.0,1.0,-0.0016665078692340463,-0.0016665078692340463,0.0,0.0,10,0,0,0.0
0.8,mixed,medium,0.5,type-noisy,correct,exact,1.0,1.0,1.0,1.0,0.0,0.0,0.0,0.0,10,0,0,0.0
0.8,mixed,medium,0.5,type-noisy,correct,noisy,1.0,1.0,1.0,1.0,0.0,0.0,0.0,0.0,10,0,0,0.0
0.8,mixed,medium,0.5,type-noisy,shifted,exact,1.0,1.0,1.0,1.0,0.0,0.0,0.0,0.0,10,0,0,0.0
0.8,mixed,medium,0.5,type-noisy,shifted,noisy,1.0,1.0,1.0,1.0,0.0,0.0,0.0,0.0,10,0,0,0.0
0.8,mixed,medium,0.5,uniform,correct,exact,1.0,1.0,1.0,1.0,0.0,0.0,0.0,0.0,10,0,0,0.0
0.8,mixed,medium,0.5,uniform,correct,noisy,1.0,1.0,1.0,1.0,0.0,0.0,0.0,0.0,10,0,0,0.0
0.8,mixed,medium,0.5,uniform,shifted,exact,1.0,1.0,1.0,1.0,0.0,0.0,0.0,0.0,10,0,0,0.0
0.8,mixed,medium,0.5,uniform,shifted,noisy,1.0,1.0,1.0,1.0,0.0,0.0,0.0,0.0,10,0,0,0.0
0.8,mixed,medium,1.0,type-noisy,correct,exact,1.0,1.0,1.0,1.0,0.0,0.0,0.0,0.0,10,0,0,0.0
0.8,mixed,medium,1.0,type-noisy,correct,noisy,1.0,1.0,1.0,1.0,0.0,0.0,0.0,0.0,10,0,0,0.0
0.8,mixed,medium,1.0,type-noisy,shifted,exact,0.9994265874839494,0.9994265874839494,1.0,1.0,-0.0005734125160506753,-0.0005734125160506753,0.0,0.0,10,0,0,0.0
0.8,mixed,medium,1.0,type-noisy,shifted,noisy,1.0,1.0,1.0,1.0,0.0,0.0,0.0,0.0,10,0,0,0.0
0.8,mixed,medium,1.0,uniform,correct,exact,1.0,1.0,1.0,1.0,0.0,0.0,0.0,0.0,10,0,0,0.0
0.8,mixed,medium,1.0,uniform,correct,noisy,1.0,1.0,1.0,1.0,0.0,0.0,0.0,0.0,10,0,0,0.0
0.8,mixed,medium,1.0,uniform,shifted,exact,1.0,1.0,1.0,1.0,0.0,0.0,0.0,0.0,10,0,0,0.0
0.8,mixed,medium,1.0,uniform,shifted,noisy,1.0,1.0,1.0,1.0,0.0,0.0,0.0,0.0,10,0,0,0.0
0.8,mixed,medium,1.5,type-noisy,correct,exact,0.9915209582011146,0.9962333691948488,1.0,1.0,-0.008479041798885334,-0.003766630805151161,0.004712410993734173,0.0057831760946475816,10,0,0,0.003584449679509076
0.8,mixed,medium,1.5,type-noisy,correct,noisy,0.9954547916147121,0.9995422547450186,1.0,1.0,-0.004545208385287924,-0.000457745254981301,0.0040874631303066235,0.008388048113183302,10,0,0,0.005198966083504467
0.8,mixed,medium,1.5,type-noisy,shifted,exact,0.9978672022118795,0.9978672022118795,1.0,1.0,-0.0021327977881204106,-0.0021327977881204106,0.0,0.0,10,0,0,0.0
0.8,mixed,medium,1.5,type-noisy,shifted,noisy,0.9995008710042141,0.9995008710042141,1.0,1.0,-0.0004991289957858691,-0.0004991289957858691,0.0,0.0,10,0,0,0.0
0.8,mixed,medium,1.5,uniform,correct,exact,0.9975402818688315,0.9980214906529354,1.0,1.0,-0.002459718131168509,-0.001978509347064428,0.0004812087841040813,0.001521715787849125,10,0,0,0.0009431692168439992
0.8,mixed,medium,1.5,uniform,correct,noisy,0.9995452458702999,0.9995452458702999,1.0,1.0,-0.00045475412969999687,-0.00045475412969999687,0.0,0.0,10,0,0,0.0
0.8,mixed,medium,1.5,uniform,shifted,exact,0.9984762447826355,0.9984762447826355,1.0,1.0,-0.0015237552173644308,-0.0015237552173644308,0.0,0.0,10,0,0,0.0
0.8,mixed,medium,1.5,uniform,shifted,noisy,0.9995665672440326,0.9995665672440326,1.0,1.0,-0.00043343275596741115,-0.00043343275596741115,0.0,0.0,10,0,0,0.0
0.8,mixed,medium,2.0,type-noisy,correct,exact,0.9665542544119219,0.9847683475108571,1.0,1.0,-0.03344574558807806,-0.015231652489142832,0.018214093098935225,0.01353447435586574,10,0,0,0.008388754115944506
0.8,mixed,medium,2.0,type-noisy,correct,noisy,0.9437879805360193,0.9767390760620293,1.0,1.0,-0.0562120194639807,-0.02326092393797079,0.03295109552600991,0.02319412527441338,10,0,0,0.014375867783675144
0.8,mixed,medium,2.0,type-noisy,shifted,exact,0.9823828348813706,0.9955020944556521,1.0,1.0,-0.01761716511862942,-0.004497905544347957,0.01311925957428146,0.02501657430302156,10,0,0,0.015505433394267933
0.8,mixed,medium,2.0,type-noisy,shifted,noisy,0.9667279077264116,0.9928964099261345,1.0,1.0,-0.03327209227358839,-0.0071035900738654735,0.026168502199722922,0.034557739818134654,10,0,0,0.021419109048108505
0.8,mixed,medium,2.0,uniform,correct,exact,0.9730371368116396,0.981610351456631,1.0,1.0,-0.026962863188360477,-0.018389648543369053,0.008573214644991422,0.006425163348149746,10,0,0,0.003982357501682175
0.8,mixed,medium,2.0,uniform,correct,noisy,0.9616709807690711,0.9772316107680771,1.0,1.0,-0.03832901923092894,-0.02276838923192296,0.015560629999005982,0.009118128450615041,10,0,0,0.00565147456477743
0.8,mixed,medium,2.0,uniform,shifted,exact,0.9949863787695321,0.9961070720653717,1.0,1.0,-0.005013621230467802,-0.0038929279346282984,0.0011206932958395034,0.0035439433733337336,10,0,0,0.002196558859845426
0.8,mixed,medium,2.0,uniform,shifted,noisy,0.9972174744548651,0.9989499625549257,1.0,1.0,-0.0027825255451349286,-0.0010500374450743144,0.001732488100060614,0.005478608415329239,10,0,0,0.0033956766761188027
0.8,reverse,high,0.5,type-noisy,correct,exact,1.0,1.0,1.0,1.0,0.0,0.0,0.0,0.0,10,0,0,0.0
0.8,reverse,high,0.5,type-noisy,correct,noisy,1.0,1.0,1.0,1.0,0.0,0.0,0.0,0.0,10,0,0,0.0
0.8,reverse,high,0.5,type-noisy,shifted,exact,1.0,1.0,1.0,1.0,0.0,0.0,0.0,0.0,10,0,0,0.0
0.8,reverse,high,0.5,type-noisy,shifted,noisy,1.0,1.0,1.0,1.0,0.0,0.0,0.0,0.0,10,0,0,0.0
0.8,reverse,high,0.5,uniform,correct,exact,1.0,1.0,1.0,1.0,0.0,0.0,0.0,0.0,10,0,0,0.0
0.8,reverse,high,0.5,uniform,correct,noisy,1.0,1.0,1.0,1.0,0.0,0.0,0.0,0.0,10,0,0,0.0
0.8,reverse,high,0.5,uniform,shifted,exact,1.0,1.0,1.0,1.0,0.0,0.0,0.0,0.0,10,0,0,0.0
0.8,reverse,high,0.5,uniform,shifted,noisy,1.0,1.0,1.0,1.0,0.0,0.0,0.0,0.0,10,0,0,0.0
0.8,reverse,high,1.0,type-noisy,correct,exact,1.0,1.0,1.0,1.0,0.0,0.0,0.0,0.0,10,0,0,0.0
0.8,reverse,high,1.0,type-noisy,correct,noisy,1.0,1.0,1.0,1.0,0.0,0.0,0.0,0.0,10,0,0,0.0
0.8,reverse,high,1.0,type-noisy,shifted,exact,1.0,1.0,1.0,1.0,0.0,0.0,0.0,0.0,10,0,0,0.0
0.8,reverse,high,1.0,type-noisy,shifted,noisy,1.0,1.0,1.0,1.0,0.0,0.0,0.0,0.0,10,0,0,0.0
0.8,reverse,high,1.0,uniform,correct,exact,1.0,1.0,1.0,1.0,0.0,0.0,0.0,0.0,10,0,0,0.0
0.8,reverse,high,1.0,uniform,correct,noisy,1.0,1.0,1.0,1.0,0.0,0.0,0.0,0.0,10,0,0,0.0
0.8,reverse,high,1.0,uniform,shifted,exact,1.0,1.0,1.0,1.0,0.0,0.0,0.0,0.0,10,0,0,0.0
0.8,reverse,high,1.0,uniform,shifted,noisy,1.0,1.0,1.0,1.0,0.0,0.0,0.0,0.0,10,0,0,0.0
0.8,reverse,high,1.5,type-noisy,correct,exact,0.9963530661911758,0.9964691108375577,1.0,1.0,-0.003646933808824149,-0.0035308891624422634,0.00011604464638188538,0.0014784667061904452,10,0,0,0.0009163631583125991
0.8,reverse,high,1.5,type-noisy,correct,noisy,0.9989687135165648,0.9993812242583168,1.0,1.0,-0.0010312864834351898,-0.0006187757416831307,0.000412510741752059,0.001304473503222024,10,0,0,0.0008085210538340357
0.8,reverse,high,1.5,type-noisy,shifted,exact,0.9937596623655673,0.9998634402140926,1.0,1.0,-0.00624033763443268,-0.0001365597859074974,0.006103777848525183,0.017713523390853733,10,0,0,0.010978955543146292
0.8,reverse,high,1.5,type-noisy,shifted,noisy,0.9980597060160505,1.0,1.0,1.0,-0.0019402939839493593,0.0,0.0019402939839493593,0.00351388673447268,10,0,0,0.002177929562073855
0.8,reverse,high,1.5,uniform,correct,exact,0.9988849261697241,0.9988849261697241,1.0,1.0,-0.0011150738302758035,-0.0011150738302758035,0.0,0.0,10,0,0,0.0
0.8,reverse,high,1.5,uniform,correct,noisy,0.999244520418037,0.9995497911624014,1.0,1.0,-0.0007554795819630144,-0.0004502088375985758,0.0003052707443644387,0.0009653508552066366,10,0,0,0.0005983306589542998
0.8,reverse,high,1.5,uniform,shifted,exact,0.9998374385980118,1.0,1.0,1.0,-0.00016256140198831482,0.0,0.00016256140198831482,0.0005140642899132995,10,0,0,0.00031862034789709696
0.8,reverse,high,1.5,uniform,shifted,noisy,1.0,1.0,1.0,1.0,0.0,0.0,0.0,0.0,10,0,0,0.0
0.8,reverse,high,2.0,type-noisy,correct,exact,0.9981709036238533,0.9995312749134879,1.0,1.0,-0.0018290963761467215,-0.00046872508651203405,0.0013603712896346875,0.0036163220849569112,10,0,0,0.002241419650081624
0.8,reverse,high,2.0,type-noisy,correct,noisy,0.9845324834589604,0.9891365481432566,1.0,1.0,-0.015467516541039495,-0.010863451856743455,0.004604064684296039,0.008712489872774164,10,0,0,0.005400057169466929
0.8,reverse,high,2.0,type-noisy,shifted,exact,0.9608448975314786,0.9985745542457751,1.0,1.0,-0.039155102468521406,-0.001425445754224941,0.03772965671429647,0.02981546795165246,10,0,0,0.01847981849327146
0.8,reverse,high,2.0,type-noisy,shifted,noisy,0.9451312020371546,0.9936153952671163,1.0,1.0,-0.054868797962845474,-0.006384604732883803,0.04848419322996167,0.046083504982020414,10,0,0,0.028562852308152666
0.8,reverse,high,2.0,uniform,correct,exact,1.0,1.0,1.0,1.0,0.0,0.0,0.0,0.0,10,0,0,0.0
0.8,reverse,high,2.0,uniform,correct,noisy,0.9871050084638607,0.9925733268646326,1.0,1.0,-0.012894991536139322,-0.007426673135367356,0.005468318400771966,0.005171669924819027,10,0,0,0.0032054342287278982
0.8,reverse,high,2.0,uniform,shifted,exact,0.9752710108536362,1.0,1.0,1.0,-0.024728989146363713,0.0,0.024728989146363713,0.0075774297325379115,10,0,0,0.004696539605881258
0.8,reverse,high,2.0,uniform,shifted,noisy,0.9705538707363758,1.0,1.0,1.0,-0.02944612926362421,0.0,0.02944612926362421,0.01085627745474524,10,0,0,0.006728790478875179
0.8,reverse,low,0.5,type-noisy,correct,exact,1.0,1.0,1.0,1.0,0.0,0.0,0.0,0.0,10,0,0,0.0
0.8,reverse,low,0.5,type-noisy,correct,noisy,1.0,1.0,1.0,1.0,0.0,0.0,0.0,0.0,10,0,0,0.0
0.8,reverse,low,0.5,type-noisy,shifted,exact,1.0,1.0,1.0,1.0,0.0,0.0,0.0,0.0,10,0,0,0.0
0.8,reverse,low,0.5,type-noisy,shifted,noisy,1.0,1.0,1.0,1.0,0.0,0.0,0.0,0.0,10,0,0,0.0
0.8,reverse,low,0.5,uniform,correct,exact,1.0,1.0,1.0,1.0,0.0,0.0,0.0,0.0,10,0,0,0.0
0.8,reverse,low,0.5,uniform,correct,noisy,1.0,1.0,1.0,1.0,0.0,0.0,0.0,0.0,10,0,0,0.0
0.8,reverse,low,0.5,uniform,shifted,exact,1.0,1.0,1.0,1.0,0.0,0.0,0.0,0.0,10,0,0,0.0
0.8,reverse,low,0.5,uniform,shifted,noisy,1.0,1.0,1.0,1.0,0.0,0.0,0.0,0.0,10,0,0,0.0
0.8,reverse,low,1.0,type-noisy,correct,exact,1.0,1.0,1.0,1.0,0.0,0.0,0.0,0.0,10,0,0,0.0
0.8,reverse,low,1.0,type-noisy,correct,noisy,1.0,1.0,1.0,1.0,0.0,0.0,0.0,0.0,10,0,0,0.0
0.8,reverse,low,1.0,type-noisy,shifted,exact,1.0,1.0,1.0,1.0,0.0,0.0,0.0,0.0,10,0,0,0.0
0.8,reverse,low,1.0,type-noisy,shifted,noisy,1.0,1.0,1.0,1.0,0.0,0.0,0.0,0.0,10,0,0,0.0
0.8,reverse,low,1.0,uniform,correct,exact,1.0,1.0,1.0,1.0,0.0,0.0,0.0,0.0,10,0,0,0.0
0.8,reverse,low,1.0,uniform,correct,noisy,1.0,1.0,1.0,1.0,0.0,0.0,0.0,0.0,10,0,0,0.0
0.8,reverse,low,1.0,uniform,shifted,exact,1.0,1.0,1.0,1.0,0.0,0.0,0.0,0.0,10,0,0,0.0
0.8,reverse,low,1.0,uniform,shifted,noisy,1.0,1.0,1.0,1.0,0.0,0.0,0.0,0.0,10,0,0,0.0
0.8,reverse,low,1.5,type-noisy,correct,exact,1.0,1.0,1.0,1.0,0.0,0.0,0.0,0.0,10,0,0,0.0
0.8,reverse,low,1.5,type-noisy,correct,noisy,1.0,1.0,1.0,1.0,0.0,0.0,0.0,0.0,10,0,0,0.0
0.8,reverse,low,1.5,type-noisy,shifted,exact,1.0,1.0,1.0,1.0,0.0,0.0,0.0,0.0,10,0,0,0.0
0.8,reverse,low,1.5,type-noisy,shifted,noisy,1.0,1.0,1.0,1.0,0.0,0.0,0.0,0.0,10,0,0,0.0
0.8,reverse,low,1.5,uniform,correct,exact,1.0,1.0,1.0,1.0,0.0,0.0,0.0,0.0,10,0,0,0.0
0.8,reverse,low,1.5,uniform,correct,noisy,1.0,1.0,1.0,1.0,0.0,0.0,0.0,0.0,10,0,0,0.0
0.8,reverse,low,1.5,uniform,shifted,exact,1.0,1.0,1.0,1.0,0.0,0.0,0.0,0.0,10,0,0,0.0
0.8,reverse,low,1.5,uniform,shifted,noisy,1.0,1.0,1.0,1.0,0.0,0.0,0.0,0.0,10,0,0,0.0
0.8,reverse,low,2.0,type-noisy,correct,exact,1.0,1.0,1.0,1.0,0.0,0.0,0.0,0.0,10,0,0,0.0
0.8,reverse,low,2.0,type-noisy,correct,noisy,1.0,1.0,1.0,1.0,0.0,0.0,0.0,0.0,10,0,0,0.0
0.8,reverse,low,2.0,type-noisy,shifted,exact,0.9992174137131865,1.0,1.0,1.0,-0.0007825862868135359,0.0,0.0007825862868135359,0.002474755131944568,10,0,0,0.00153386912215453
0.8,reverse,low,2.0,type-noisy,shifted,noisy,0.9929149661158807,1.0,1.0,1.0,-0.007085033884119241,0.0,0.007085033884119241,0.014975090227515402,10,0,0,0.009281657083953641
0.8,reverse,low,2.0,uniform,correct,exact,1.0,1.0,1.0,1.0,0.0,0.0,0.0,0.0,10,0,0,0.0
0.8,reverse,low,2.0,uniform,correct,noisy,1.0,1.0,1.0,1.0,0.0,0.0,0.0,0.0,10,0,0,0.0
0.8,reverse,low,2.0,uniform,shifted,exact,1.0,1.0,1.0,1.0,0.0,0.0,0.0,0.0,10,0,0,0.0
0.8,reverse,low,2.0,uniform,shifted,noisy,1.0,1.0,1.0,1.0,0.0,0.0,0.0,0.0,10,0,0,0.0
0.8,reverse,medium,0.5,type-noisy,correct,exact,1.0,1.0,1.0,1.0,0.0,0.0,0.0,0.0,10,0,0,0.0
0.8,reverse,medium,0.5,type-noisy,correct,noisy,1.0,1.0,1.0,1.0,0.0,0.0,0.0,0.0,10,0,0,0.0
0.8,reverse,medium,0.5,type-noisy,shifted,exact,1.0,1.0,1.0,1.0,0.0,0.0,0.0,0.0,10,0,0,0.0
0.8,reverse,medium,0.5,type-noisy,shifted,noisy,1.0,1.0,1.0,1.0,0.0,0.0,0.0,0.0,10,0,0,0.0
0.8,reverse,medium,0.5,uniform,correct,exact,1.0,1.0,1.0,1.0,0.0,0.0,0.0,0.0,10,0,0,0.0
0.8,reverse,medium,0.5,uniform,correct,noisy,1.0,1.0,1.0,1.0,0.0,0.0,0.0,0.0,10,0,0,0.0
0.8,reverse,medium,0.5,uniform,shifted,exact,1.0,1.0,1.0,1.0,0.0,0.0,0.0,0.0,10,0,0,0.0
0.8,reverse,medium,0.5,uniform,shifted,noisy,1.0,1.0,1.0,1.0,0.0,0.0,0.0,0.0,10,0,0,0.0
0.8,reverse,medium,1.0,type-noisy,correct,exact,1.0,1.0,1.0,1.0,0.0,0.0,0.0,0.0,10,0,0,0.0
0.8,reverse,medium,1.0,type-noisy,correct,noisy,1.0,1.0,1.0,1.0,0.0,0.0,0.0,0.0,10,0,0,0.0
0.8,reverse,medium,1.0,type-noisy,shifted,exact,1.0,1.0,1.0,1.0,0.0,0.0,0.0,0.0,10,0,0,0.0
0.8,reverse,medium,1.0,type-noisy,shifted,noisy,1.0,1.0,1.0,1.0,0.0,0.0,0.0,0.0,10,0,0,0.0
0.8,reverse,medium,1.0,uniform,correct,exact,1.0,1.0,1.0,1.0,0.0,0.0,0.0,0.0,10,0,0,0.0
0.8,reverse,medium,1.0,uniform,correct,noisy,1.0,1.0,1.0,1.0,0.0,0.0,0.0,0.0,10,0,0,0.0
0.8,reverse,medium,1.0,uniform,shifted,exact,1.0,1.0,1.0,1.0,0.0,0.0,0.0,0.0,10,0,0,0.0
0.8,reverse,medium,1.0,uniform,shifted,noisy,1.0,1.0,1.0,1.0,0.0,0.0,0.0,0.0,10,0,0,0.0
0.8,reverse,medium,1.5,type-noisy,correct,exact,0.9994393480192958,1.0,1.0,1.0,-0.0005606519807042521,0.0,0.0005606519807042521,0.0017729372337102096,10,0,0,0.001098877882180334
0.8,reverse,medium,1.5,type-noisy,correct,noisy,1.0,1.0,1.0,1.0,0.0,0.0,0.0,0.0,10,0,0,0.0
0.8,reverse,medium,1.5,type-noisy,shifted,exact,0.9995856448531797,1.0,1.0,1.0,-0.00041435514682035545,0.0,0.00041435514682035545,0.001310306024165799,10,0,0,0.0008121360877678967
0.8,reverse,medium,1.5,type-noisy,shifted,noisy,1.0,1.0,1.0,1.0,0.0,0.0,0.0,0.0,10,0,0,0.0
0.8,reverse,medium,1.5,uniform,correct,exact,1.0,1.0,1.0,1.0,0.0,0.0,0.0,0.0,10,0,0,0.0
0.8,reverse,medium,1.5,uniform,correct,noisy,1.0,1.0,1.0,1.0,0.0,0.0,0.0,0.0,10,0,0,0.0
0.8,reverse,medium,1.5,uniform,shifted,exact,1.0,1.0,1.0,1.0,0.0,0.0,0.0,0.0,10,0,0,0.0
0.8,reverse,medium,1.5,uniform,shifted,noisy,1.0,1.0,1.0,1.0,0.0,0.0,0.0,0.0,10,0,0,0.0
0.8,reverse,medium,2.0,type-noisy,correct,exact,0.998916606956114,1.0,1.0,1.0,-0.001083393043886005,0.0,0.001083393043886005,0.0034259896198625345,10,0,0,0.0021234503660165697
0.8,reverse,medium,2.0,type-noisy,correct,noisy,0.9961533471497287,1.0,1.0,1.0,-0.0038466528502712925,0.0,0.0038466528502712925,0.00989797674239737,10,0,0,0.00613482954373648
0.8,reverse,medium,2.0,type-noisy,shifted,exact,0.9748523995680116,1.0,1.0,1.0,-0.025147600431988416,0.0,0.025147600431988416,0.03244459240002252,10,0,0,0.020109366709012557
0.8,reverse,medium,2.0,type-noisy,shifted,noisy,0.9547903082200799,1.0,1.0,1.0,-0.04520969177992016,0.0,0.04520969177992016,0.04746360957972251,10,0,0,0.029418250000002432
0.8,reverse,medium,2.0,uniform,correct,exact,1.0,1.0,1.0,1.0,0.0,0.0,0.0,0.0,10,0,0,0.0
0.8,reverse,medium,2.0,uniform,correct,noisy,1.0,1.0,1.0,1.0,0.0,0.0,0.0,0.0,10,0,0,0.0
0.8,reverse,medium,2.0,uniform,shifted,exact,0.9963756642822792,1.0,1.0,1.0,-0.003624335717720739,0.0,0.003624335717720739,0.009923658075058676,10,0,0,0.006150746998629888
0.8,reverse,medium,2.0,uniform,shifted,noisy,0.9935311914984382,1.0,1.0,1.0,-0.006468808501561773,0.0,0.006468808501561773,0.00729201149560219,10,0,0,0.004519635549845828
0.8,separated,high,0.5,type-noisy,correct,exact,1.0,1.0,1.0,1.0,0.0,0.0,0.0,0.0,10,0,0,0.0
0.8,separated,high,0.5,type-noisy,correct,noisy,1.0,1.0,1.0,1.0,0.0,0.0,0.0,0.0,10,0,0,0.0
0.8,separated,high,0.5,type-noisy,shifted,exact,1.0,1.0,1.0,1.0,0.0,0.0,0.0,0.0,10,0,0,0.0
0.8,separated,high,0.5,type-noisy,shifted,noisy,1.0,1.0,1.0,1.0,0.0,0.0,0.0,0.0,10,0,0,0.0
0.8,separated,high,0.5,uniform,correct,exact,1.0,1.0,1.0,1.0,0.0,0.0,0.0,0.0,10,0,0,0.0
0.8,separated,high,0.5,uniform,correct,noisy,1.0,1.0,1.0,1.0,0.0,0.0,0.0,0.0,10,0,0,0.0
0.8,separated,high,0.5,uniform,shifted,exact,1.0,1.0,1.0,1.0,0.0,0.0,0.0,0.0,10,0,0,0.0
0.8,separated,high,0.5,uniform,shifted,noisy,1.0,1.0,1.0,1.0,0.0,0.0,0.0,0.0,10,0,0,0.0
0.8,separated,high,1.0,type-noisy,correct,exact,1.0,1.0,1.0,1.0,0.0,0.0,0.0,0.0,10,0,0,0.0
0.8,separated,high,1.0,type-noisy,correct,noisy,1.0,1.0,1.0,1.0,0.0,0.0,0.0,0.0,10,0,0,0.0
0.8,separated,high,1.0,type-noisy,shifted,exact,0.9978978042062193,0.9978978042062193,1.0,1.0,-0.0021021957937806144,-0.0021021957937806144,0.0,0.0,10,0,0,0.0
0.8,separated,high,1.0,type-noisy,shifted,noisy,0.9989420075055758,0.9989420075055758,1.0,1.0,-0.001057992494424198,-0.001057992494424198,0.0,0.0,10,0,0,0.0
0.8,separated,high,1.0,uniform,correct,exact,1.0,1.0,1.0,1.0,0.0,0.0,0.0,0.0,10,0,0,0.0
0.8,separated,high,1.0,uniform,correct,noisy,1.0,1.0,1.0,1.0,0.0,0.0,0.0,0.0,10,0,0,0.0
0.8,separated,high,1.0,uniform,shifted,exact,1.0,1.0,1.0,1.0,0.0,0.0,0.0,0.0,10,0,0,0.0
0.8,separated,high,1.0,uniform,shifted,noisy,1.0,1.0,1.0,1.0,0.0,0.0,0.0,0.0,10,0,0,0.0
0.8,separated,high,1.5,type-noisy,correct,exact,0.9928248758550385,0.9932118273582817,1.0,1.0,-0.007175124144961398,-0.006788172641718193,0.0003869515032432047,0.0016148390341620279,10,0,0,0.0010008876028896987
0.8,separated,high,1.5,type-noisy,correct,noisy,0.9881723661990287,0.9879179964323772,1.0,1.0,-0.011827633800971326,-0.012082003567622911,-0.00025436976665158537,0.002288218128767206,10,0,0,0.001418252289757794
0.8,separated,high,1.5,type-noisy,shifted,exact,0.9910293990757474,0.9910293990757474,1.0,1.0,-0.008970600924252569,-0.008970600924252569,0.0,0.0,10,0,0,0.0
0.8,separated,high,1.5,type-noisy,shifted,noisy,0.9934961137041443,0.9934961137041443,1.0,1.0,-0.00650388629585571,-0.00650388629585571,0.0,0.0,10,0,0,0.0
0.8,separated,high,1.5,uniform,correct,exact,0.9943821518681606,0.9946846979236215,1.0,1.0,-0.005617848131839465,-0.00531530207637847,0.0003025460554609949,0.0009567346323563676,10,0,0,0.0005929902687035499
0.8,separated,high,1.5,uniform,correct,noisy,0.9951497159305548,0.9958445139677339,1.0,1.0,-0.00485028406944521,-0.004155486032266076,0.0006947980371791341,0.001465113130528606,10,0,0,0.0009080865263688339
0.8,separated,high,1.5,uniform,shifted,exact,0.9956972035494085,0.9956972035494085,1.0,1.0,-0.004302796450591562,-0.004302796450591562,0.0,0.0,10,0,0,0.0
0.8,separated,high,1.5,uniform,shifted,noisy,0.9970798774217231,0.9970798774217231,1.0,1.0,-0.002920122578276907,-0.002920122578276907,0.0,0.0,10,0,0,0.0
0.8,separated,high,2.0,type-noisy,correct,exact,0.9792576149538477,0.9818210415974358,1.0,1.0,-0.020742385046152334,-0.01817895840256417,0.0025634266435881625,0.004313743355355133,10,0,0,0.0026736858318905073
0.8,separated,high,2.0,type-noisy,correct,noisy,0.9618710294859726,0.9703399431757568,1.0,1.0,-0.03812897051402735,-0.029660056824243296,0.008468913689784053,0.010352246347615779,10,0,0,0.0064163887620945145
0.8,separated,high,2.0,type-noisy,shifted,exact,0.9784565012079967,0.9793035174441524,1.0,1.0,-0.02154349879200331,-0.02069648255584766,0.000847016236155651,0.0026785005213949193,10,0,0,0.001660151822865076
0.8,separated,high,2.0,type-noisy,shifted,noisy,0.9660684215722404,0.9714544494109025,1.0,1.0,-0.03393157842775969,-0.028545550589097433,0.005386027838662255,0.010781907176388076,10,0,0,0.006682695302788624
0.8,separated,high,2.0,uniform,correct,exact,0.9807412260207278,0.9837782782198061,1.0,1.0,-0.019258773979272316,-0.016221721780193887,0.003037052199078427,0.002882458823193821,10,0,0,0.001786566488016447
0.8,separated,high,2.0,uniform,correct,noisy,0.9735656833101529,0.9769433583827336,1.0,1.0,-0.02643431668984695,-0.023056641617266428,0.0033776750725805216,0.00430217674682113,10,0,0,0.002666516773647393
0.8,separated,high,2.0,uniform,shifted,exact,0.9810946488920355,0.981338988530946,1.0,1.0,-0.01890535110796452,-0.018661011469053912,0.0002443396389106067,0.0007726697816206201,10,0,0,0.0004789056922647892
0.8,separated,high,2.0,uniform,shifted,noisy,0.9779446833105275,0.9789027622843769,1.0,1.0,-0.02205531668947245,-0.021097237715623208,0.0009580789738492413,0.002233466645243914,10,0,0,0.0013843169686892647
0.8,separated,low,0.5,type-noisy,correct,exact,1.0,1.0,1.0,1.0,0.0,0.0,0.0,0.0,10,0,0,0.0
0.8,separated,low,0.5,type-noisy,correct,noisy,1.0,1.0,1.0,1.0,0.0,0.0,0.0,0.0,10,0,0,0.0
0.8,separated,low,0.5,type-noisy,shifted,exact,1.0,1.0,1.0,1.0,0.0,0.0,0.0,0.0,10,0,0,0.0
0.8,separated,low,0.5,type-noisy,shifted,noisy,1.0,1.0,1.0,1.0,0.0,0.0,0.0,0.0,10,0,0,0.0
0.8,separated,low,0.5,uniform,correct,exact,1.0,1.0,1.0,1.0,0.0,0.0,0.0,0.0,10,0,0,0.0
0.8,separated,low,0.5,uniform,correct,noisy,1.0,1.0,1.0,1.0,0.0,0.0,0.0,0.0,10,0,0,0.0
0.8,separated,low,0.5,uniform,shifted,exact,1.0,1.0,1.0,1.0,0.0,0.0,0.0,0.0,10,0,0,0.0
0.8,separated,low,0.5,uniform,shifted,noisy,1.0,1.0,1.0,1.0,0.0,0.0,0.0,0.0,10,0,0,0.0
0.8,separated,low,1.0,type-noisy,correct,exact,1.0,1.0,1.0,1.0,0.0,0.0,0.0,0.0,10,0,0,0.0
0.8,separated,low,1.0,type-noisy,correct,noisy,1.0,1.0,1.0,1.0,0.0,0.0,0.0,0.0,10,0,0,0.0
0.8,separated,low,1.0,type-noisy,shifted,exact,0.9991267697014097,0.9991267697014097,1.0,1.0,-0.0008732302985903107,-0.0008732302985903107,0.0,0.0,10,0,0,0.0
0.8,separated,low,1.0,type-noisy,shifted,noisy,1.0,1.0,1.0,1.0,0.0,0.0,0.0,0.0,10,0,0,0.0
0.8,separated,low,1.0,uniform,correct,exact,1.0,1.0,1.0,1.0,0.0,0.0,0.0,0.0,10,0,0,0.0
0.8,separated,low,1.0,uniform,correct,noisy,1.0,1.0,1.0,1.0,0.0,0.0,0.0,0.0,10,0,0,0.0
0.8,separated,low,1.0,uniform,shifted,exact,1.0,1.0,1.0,1.0,0.0,0.0,0.0,0.0,10,0,0,0.0
0.8,separated,low,1.0,uniform,shifted,noisy,1.0,1.0,1.0,1.0,0.0,0.0,0.0,0.0,10,0,0,0.0
0.8,separated,low,1.5,type-noisy,correct,exact,0.9856114641469119,0.9856114641469119,1.0,1.0,-0.014388535853088058,-0.014388535853088058,0.0,0.0,10,0,0,0.0
0.8,separated,low,1.5,type-noisy,correct,noisy,0.9903471088696925,0.991325071450054,1.0,1.0,-0.009652891130307473,-0.008674928549946037,0.0009779625803614355,0.0030925892203575913,10,0,0,0.0019168066575084137
0.8,separated,low,1.5,type-noisy,shifted,exact,0.9975487739929656,0.9975487739929656,1.0,1.0,-0.002451226007034346,-0.002451226007034346,0.0,0.0,10,0,0,0.0
0.8,separated,low,1.5,type-noisy,shifted,noisy,0.9983219715928234,0.9983219715928234,1.0,1.0,-0.0016780284071765904,-0.0016780284071765904,0.0,0.0,10,0,0,0.0
0.8,separated,low,1.5,uniform,correct,exact,0.995859657024863,0.995859657024863,1.0,1.0,-0.004140342975136946,-0.004140342975136946,0.0,0.0,10,0,0,0.0
0.8,separated,low,1.5,uniform,correct,noisy,0.9966250092147252,0.9966250092147252,1.0,1.0,-0.003374990785274734,-0.003374990785274734,0.0,0.0,10,0,0,0.0
0.8,separated,low,1.5,uniform,shifted,exact,0.9975487739929656,0.9975487739929656,1.0,1.0,-0.002451226007034346,-0.002451226007034346,0.0,0.0,10,0,0,0.0
0.8,separated,low,1.5,uniform,shifted,noisy,0.9992503859314523,0.9992503859314523,1.0,1.0,-0.0007496140685477215,-0.0007496140685477215,0.0,0.0,10,0,0,0.0
0.8,separated,low,2.0,type-noisy,correct,exact,0.9816402101490871,0.9823865452720908,1.0,1.0,-0.018359789850912987,-0.01761345472790917,0.0007463351230038162,0.0023601188864739876,10,0,0,0.0014628168410874796
0.8,separated,low,2.0,type-noisy,correct,noisy,0.9702206855151205,0.971003271801934,1.0,1.0,-0.029779314484879492,-0.028996728198065924,0.0007825862868135691,0.0024747551319446734,10,0,0,0.0015338691221545952
0.8,separated,low,2.0,type-noisy,shifted,exact,0.9930480613053738,0.9930480613053738,1.0,1.0,-0.006951938694626203,-0.006951938694626203,0.0,0.0,10,0,0,0.0
0.8,separated,low,2.0,type-noisy,shifted,noisy,0.9917613471390752,0.9917613471390752,1.0,1.0,-0.00823865286092489,-0.00823865286092489,0.0,0.0,10,0,0,0.0
0.8,separated,low,2.0,uniform,correct,exact,0.9884513922296374,0.9884513922296374,1.0,1.0,-0.011548607770362596,-0.011548607770362596,0.0,0.0,10,0,0,0.0
0.8,separated,low,2.0,uniform,correct,noisy,0.9793178188306839,0.9793178188306839,1.0,1.0,-0.020682181169315982,-0.020682181169315982,0.0,0.0,10,0,0,0.0
0.8,separated,low,2.0,uniform,shifted,exact,0.9950160375395705,0.9950160375395705,1.0,1.0,-0.004983962460429592,-0.004983962460429592,0.0,0.0,10,0,0,0.0
0.8,separated,low,2.0,uniform,shifted,noisy,0.9967286301682179,0.9967286301682179,1.0,1.0,-0.0032713698317820227,-0.0032713698317820227,0.0,0.0,10,0,0,0.0
0.8,separated,medium,0.5,type-noisy,correct,exact,1.0,1.0,1.0,1.0,0.0,0.0,0.0,0.0,10,0,0,0.0
0.8,separated,medium,0.5,type-noisy,correct,noisy,1.0,1.0,1.0,1.0,0.0,0.0,0.0,0.0,10,0,0,0.0
0.8,separated,medium,0.5,type-noisy,shifted,exact,1.0,1.0,1.0,1.0,0.0,0.0,0.0,0.0,10,0,0,0.0
0.8,separated,medium,0.5,type-noisy,shifted,noisy,1.0,1.0,1.0,1.0,0.0,0.0,0.0,0.0,10,0,0,0.0
0.8,separated,medium,0.5,uniform,correct,exact,1.0,1.0,1.0,1.0,0.0,0.0,0.0,0.0,10,0,0,0.0
0.8,separated,medium,0.5,uniform,correct,noisy,1.0,1.0,1.0,1.0,0.0,0.0,0.0,0.0,10,0,0,0.0
0.8,separated,medium,0.5,uniform,shifted,exact,1.0,1.0,1.0,1.0,0.0,0.0,0.0,0.0,10,0,0,0.0
0.8,separated,medium,0.5,uniform,shifted,noisy,1.0,1.0,1.0,1.0,0.0,0.0,0.0,0.0,10,0,0,0.0
0.8,separated,medium,1.0,type-noisy,correct,exact,1.0,1.0,1.0,1.0,0.0,0.0,0.0,0.0,10,0,0,0.0
0.8,separated,medium,1.0,type-noisy,correct,noisy,1.0,1.0,1.0,1.0,0.0,0.0,0.0,0.0,10,0,0,0.0
0.8,separated,medium,1.0,type-noisy,shifted,exact,0.9994265874839494,0.9994265874839494,1.0,1.0,-0.0005734125160506753,-0.0005734125160506753,0.0,0.0,10,0,0,0.0
0.8,separated,medium,1.0,type-noisy,shifted,noisy,1.0,1.0,1.0,1.0,0.0,0.0,0.0,0.0,10,0,0,0.0
0.8,separated,medium,1.0,uniform,correct,exact,1.0,1.0,1.0,1.0,0.0,0.0,0.0,0.0,10,0,0,0.0
0.8,separated,medium,1.0,uniform,correct,noisy,1.0,1.0,1.0,1.0,0.0,0.0,0.0,0.0,10,0,0,0.0
0.8,separated,medium,1.0,uniform,shifted,exact,1.0,1.0,1.0,1.0,0.0,0.0,0.0,0.0,10,0,0,0.0
0.8,separated,medium,1.0,uniform,shifted,noisy,1.0,1.0,1.0,1.0,0.0,0.0,0.0,0.0,10,0,0,0.0
0.8,separated,medium,1.5,type-noisy,correct,exact,0.9898870440668006,0.9898870440668006,1.0,1.0,-0.010112955933199486,-0.010112955933199486,0.0,0.0,10,0,0,0.0
0.8,separated,medium,1.5,type-noisy,correct,noisy,0.9914412541210462,0.9922707699155767,1.0,1.0,-0.008558745878953888,-0.0077292300844232775,0.0008295157945306109,0.001946434629528752,10,0,0,0.00120641268220363
0.8,separated,medium,1.5,type-noisy,shifted,exact,0.9969117866047755,0.9969117866047755,1.0,1.0,-0.0030882133952245374,-0.0030882133952245374,0.0,0.0,10,0,0,0.0
0.8,separated,medium,1.5,type-noisy,shifted,noisy,0.997505478191016,0.9979561796145383,1.0,1.0,-0.0024945218089839406,-0.0020438203854616587,0.0004507014235222817,0.0014252430430105986,10,0,0,0.000883374790103672
0.8,separated,medium,1.5,uniform,correct,exact,0.9967996461307094,0.9967996461307094,1.0,1.0,-0.0032003538692906065,-0.0032003538692906065,0.0,0.0,10,0,0,0.0
0.8,separated,medium,1.5,uniform,correct,noisy,0.9978627631054273,0.9978627631054273,1.0,1.0,-0.002137236894572714,-0.002137236894572714,0.0,0.0,10,0,0,0.0
0.8,separated,medium,1.5,uniform,shifted,exact,0.9984762447826355,0.9984762447826355,1.0,1.0,-0.0015237552173644532,-0.0015237552173644532,0.0,0.0,10,0,0,0.0
0.8,separated,medium,1.5,uniform,shifted,noisy,0.9995665672440326,0.9995665672440326,1.0,1.0,-0.00043343275596740004,-0.00043343275596740004,0.0,0.0,10,0,0,0.0
0.8,separated,medium,2.0,type-noisy,correct,exact,0.9811541229253358,0.983707267369293,1.0,1.0,-0.01884587707466423,-0.016292732630706953,0.0025531444439572783,0.004760519475522362,10,0,0,0.0029506005400952075
0.8,separated,medium,2.0,type-noisy,correct,noisy,0.9684967390165443,0.9737646181110412,1.0,1.0,-0.03150326098345557,-0.026235381888958898,0.005267879094496675,0.005156704858651912,10,0,0,0.0031961587846209495
0.8,separated,medium,2.0,type-noisy,shifted,exact,0.9891857186859866,0.9906097419781001,1.0,1.0,-0.010814281314013397,-0.009390258021899711,0.0014240232921136852,0.0031760347209017436,10,0,0,0.0019685267145820324
0.8,separated,medium,2.0,type-noisy,shifted,noisy,0.9842519403074922,0.9898605172534362,1.0,1.0,-0.01574805969250781,-0.010139482746563877,0.005608576945943933,0.008956936075744137,10,0,0,0.0055515664957528545
0.8,separated,medium,2.0,uniform,correct,exact,0.9852399971036301,0.9861813592064184,1.0,1.0,-0.01476000289636994,-0.013818640793581582,0.0009413621027883568,0.001991038324295519,10,0,0,0.0012340583386379255
0.8,separated,medium,2.0,uniform,correct,noisy,0.9788256079337214,0.981108264227941,1.0,1.0,-0.02117439206627849,-0.018891735772059003,0.0022826562942194874,0.004128988595783983,10,0,0,0.002559173645525388
0.8,separated,medium,2.0,uniform,shifted,exact,0.992866618130803,0.992866618130803,1.0,1.0,-0.007133381869196964,-0.007133381869196964,0.0,0.0,10,0,0,0.0
0.8,separated,medium,2.0,uniform,shifted,noisy,0.9943716707152719,0.9943716707152719,1.0,1.0,-0.005628329284728073,-0.005628329284728073,0.0,0.0,10,0,0,0.0
1.0,mixed,high,0.5,type-noisy,correct,exact,0.9973999274498947,0.9973999274498947,1.0,0.8179644409988777,-0.0026000725501052146,-0.0026000725501052146,0.0,0.0,10,0,0,0.0
1.0,mixed,high,0.5,type-noisy,correct,noisy,0.9935772635243738,0.9935772635243738,1.0,0.8179644409988777,-0.0064227364756260785,-0.0064227364756260785,0.0,0.0,10,0,0,0.0
1.0,mixed,high,0.5,type-noisy,shifted,exact,0.9964415638585479,0.9964415638585479,1.0,0.8179644409988777,-0.0035584361414521593,-0.0035584361414521593,0.0,0.0,10,0,0,0.0
1.0,mixed,high,0.5,type-noisy,shifted,noisy,0.9975367265840674,0.9975367265840674,1.0,0.8179644409988777,-0.0024632734159324987,-0.0024632734159324987,0.0,0.0,10,0,0,0.0
1.0,mixed,high,0.5,uniform,correct,exact,0.9984288374010403,0.9984288374010403,1.0,0.8179644409988777,-0.001571162598959719,-0.001571162598959719,0.0,0.0,10,0,0,0.0
1.0,mixed,high,0.5,uniform,correct,noisy,0.9977573789920408,0.9977573789920408,1.0,0.8179644409988777,-0.002242621007959145,-0.002242621007959145,0.0,0.0,10,0,0,0.0
1.0,mixed,high,0.5,uniform,shifted,exact,0.997316966477723,0.997316966477723,1.0,0.8179644409988777,-0.0026830335222768563,-0.0026830335222768563,0.0,0.0,10,0,0,0.0
1.0,mixed,high,0.5,uniform,shifted,noisy,0.9982971382763033,0.9982971382763033,1.0,0.8179644409988777,-0.001702861723696758,-0.001702861723696758,0.0,0.0,10,0,0,0.0
1.0,mixed,high,1.0,type-noisy,correct,exact,0.9915240634880063,0.9915240634880063,1.0,0.8179644409988777,-0.00847593651199382,-0.00847593651199382,0.0,0.0,10,0,0,0.0
1.0,mixed,high,1.0,type-noisy,correct,noisy,0.9886030657668685,0.9888353916144055,1.0,0.8179644409988777,-0.011396934233131461,-0.011164608385594455,0.00023232584753700712,0.0007346788375459625,10,0,0,0.00045535866117253393
1.0,mixed,high,1.0,type-noisy,shifted,exact,0.9845519910390615,0.9958503582445546,1.0,0.8179644409988777,-0.015448008960938443,-0.004149641755445332,0.011298367205493109,0.009364489605729262,10,0,0,0.005804170790699021
1.0,mixed,high,1.0,type-noisy,shifted,noisy,0.9894072525027721,0.9934615889622217,1.0,0.8179644409988777,-0.010592747497227962,-0.006538411037778402,0.004054336459449559,0.00464036893520456,10,0,0,0.0028761304636723954
1.0,mixed,high,1.0,uniform,correct,exact,1.0,1.0,1.0,0.8179644409988777,0.0,0.0,0.0,0.0,10,0,0,0.0
1.0,mixed,high,1.0,uniform,correct,noisy,1.0,1.0,1.0,0.8179644409988777,0.0,0.0,0.0,0.0,10,0,0,0.0
1.0,mixed,high,1.0,uniform,shifted,exact,1.0,0.998744871395812,1.0,0.8179644409988777,0.0,-0.0012551286041879938,-0.0012551286041879938,0.0019431439953969053,10,0,0,0.0012043731260382563
1.0,mixed,high,1.0,uniform,shifted,noisy,1.0,0.998406912433414,1.0,0.8179644409988777,0.0,-0.00159308756658606,-0.00159308756658606,0.0021351631665977064,10,0,0,0.0013233878413790752
1.0,mixed,high,1.5,type-noisy,correct,exact,0.9608028091422458,0.9615695685093266,1.0,0.8179644409988777,-0.03919719085775418,-0.03843043149067343,0.0007667593670807494,0.0016212127857865553,10,0,0,0.0010048380950749447
1.0,mixed,high,1.5,type-noisy,correct,noisy,0.9441836943318774,0.9469520106242488,1.0,0.8179644409988777,-0.05581630566812257,-0.05304798937575119,0.0027683162923713756,0.003364164884966267,10,0,0,0.0020851309983269434
1.0,mixed,high,1.5,type-noisy,shifted,exact,0.9538126272285631,0.9681132544231967,1.0,0.8179644409988777,-0.04618737277143696,-0.03188674557680331,0.014300627194633653,0.009887473086448682,10,0,0,0.006128319310331381
1.0,mixed,high,1.5,type-noisy,shifted,noisy,0.9632020465632433,0.978062721367133,1.0,0.8179644409988777,-0.036797953436756806,-0.021937278632866875,0.014860674803889928,0.00581640434825138,10,0,0,0.0036050447644643854
1.0,mixed,high,1.5,uniform,correct,exact,0.9655773974911155,0.9663053377332274,1.0,0.8179644409988777,-0.0344226025088845,-0.03369466226677267,0.0007279402421118353,0.0016369976800741145,10,0,0,0.0010146216739153838
1.0,mixed,high,1.5,uniform,correct,noisy,0.9488605682793769,0.9496713231995775,1.0,0.8179644409988777,-0.05113943172062306,-0.05032867680042249,0.0008107549202005737,0.0028810022860846834,10,0,0,0.0017856637169632063
1.0,mixed,high,1.5,uniform,shifted,exact,0.9609677488269803,0.978191398515453,1.0,0.8179644409988777,-0.03903225117301977,-0.021808601484547087,0.017223649688472686,0.008099500410727918,10,0,0,0.005020122364644423
1.0,mixed,high,1.5,uniform,shifted,noisy,0.9596299028613281,0.9783126886311024,1.0,0.8179644409988777,-0.04037009713867189,-0.021687311368897656,0.018682785769774234,0.010663297287124377,10,0,0,0.006609180131782269
1.0,mixed,high,2.0,type-noisy,correct,exact,0.9155181419454589,0.9182202160761495,1.0,0.8179644409988777,-0.08448185805454107,-0.08177978392385056,0.0027020741306905127,0.004247732715502291,10,0,0,0.002632772013429455
1.0,mixed,high,2.0,type-noisy,correct,noisy,0.8979828617747849,0.8984855072050285,1.0,0.8179644409988777,-0.1020171382252151,-0.10151449279497146,0.00050264543024362,0.004688318774283786,10,0,0,0.0029058500818384602
1.0,mixed,high,2.0,type-noisy,shifted,exact,0.9180869153277461,0.9351982704040317,1.0,0.8179644409988777,-0.08191308467225383,-0.06480172959596822,0.017111355076285605,0.00982882227595944,10,0,0,0.006091967161370245
1.0,mixed,high,2.0,type-noisy,shifted,noisy,0.9157784653314331,0.9298570494486222,1.0,0.8179644409988777,-0.08422153466856681,-0.07014295055137781,0.014078584117188996,0.011887998950139632,10,0,0,0.007368258086809814
1.0,mixed,high,2.0,uniform,correct,exact,0.9272920604120586,0.9263985877921324,1.0,0.8179644409988777,-0.07270793958794139,-0.07360141220786764,-0.000893472619926261,0.004909825291557872,10,0,0,0.0030431412436253387
1.0,mixed,high,2.0,uniform,correct,noisy,0.9004958968491381,0.8998611770951486,1.0,0.8179644409988777,-0.0995041031508619,-0.10013882290485143,-0.0006347197539895433,0.0053755230632989695,10,0,0,0.003331783712978884
1.0,mixed,high,2.0,uniform,shifted,exact,0.9208219123429904,0.9369243587928875,1.0,0.8179644409988777,-0.07917808765700965,-0.06307564120711247,0.01610244644989719,0.010483087988142679,10,0,0,0.006497485251078682
1.0,mixed,high,2.0,uniform,shifted,noisy,0.9251413180244967,0.9404724239043942,1.0,0.8179644409988777,-0.07485868197550324,-0.059527576095605786,0.015331105879897467,0.00700679975515561,10,0,0,0.004342859481660364
1.0,mixed,low,0.5,type-noisy,correct,exact,0.9911955096564341,0.9911955096564341,1.0,0.9833847417767225,-0.008804490343565863,-0.008804490343565863,0.0,0.0,10,0,0,0.0
1.0,mixed,low,0.5,type-noisy,correct,noisy,0.9866066421022618,0.9866066421022618,1.0,0.9833847417767225,-0.013393357897738278,-0.013393357897738278,0.0,0.0,10,0,0,0.0
1.0,mixed,low,0.5,type-noisy,shifted,exact,0.994427663135523,0.994427663135523,1.0,0.9833847417767225,-0.005572336864477068,-0.005572336864477068,0.0,0.0,10,0,0,0.0
1.0,mixed,low,0.5,type-noisy,shifted,noisy,0.9936851737458691,0.9936851737458691,1.0,0.9833847417767225,-0.006314826254130978,-0.006314826254130978,0.0,0.0,10,0,0,0.0
1.0,mixed,low,0.5,uniform,correct,exact,0.9973405273761063,0.9973405273761063,1.0,0.9833847417767225,-0.0026594726238937548,-0.0026594726238937548,0.0,0.0,10,0,0,0.0
1.0,mixed,low,0.5,uniform,correct,noisy,0.9902578962927733,0.9902578962927733,1.0,0.9833847417767225,-0.009742103707226835,-0.009742103707226835,0.0,0.0,10,0,0,0.0
1.0,mixed,low,0.5,uniform,shifted,exact,0.998615698449513,0.998615698449513,1.0,0.9833847417767225,-0.0013843015504869881,-0.0013843015504869881,0.0,0.0,10,0,0,0.0
1.0,mixed,low,0.5,uniform,shifted,noisy,0.9979875950561133,0.9979875950561133,1.0,0.9833847417767225,-0.0020124049438866587,-0.0020124049438866587,0.0,0.0,10,0,0,0.0
1.0,mixed,low,1.0,type-noisy,correct,exact,0.9891882431328212,0.9891882431328212,1.0,0.9833847417767225,-0.010811756867178801,-0.010811756867178801,0.0,0.0,10,0,0,0.0
1.0,mixed,low,1.0,type-noisy,correct,noisy,0.9864593501872199,0.9864593501872199,1.0,0.9833847417767225,-0.013540649812780126,-0.013540649812780126,0.0,0.0,10,0,0,0.0
1.0,mixed,low,1.0,type-noisy,shifted,exact,0.9843723594317846,0.9927984348982546,1.0,0.9833847417767225,-0.015627640568215383,-0.007201565101745378,0.008426075466470007,0.006584212719039744,10,0,0,0.004080937323078313
1.0,mixed,low,1.0,type-noisy,shifted,noisy,0.9883457105810434,0.9911502922708333,1.0,0.9833847417767225,-0.011654289418956599,-0.008849707729166711,0.0028045816897898867,0.0034746289179211757,10,0,0,0.002153597315285364
1.0,mixed,low,1.0,uniform,correct,exact,1.0,1.0,1.0,0.9833847417767225,0.0,0.0,0.0,0.0,10,0,0,0.0
1.0,mixed,low,1.0,uniform,correct,noisy,1.0,1.0,1.0,0.9833847417767225,0.0,0.0,0.0,0.0,10,0,0,0.0
1.0,mixed,low,1.0,uniform,shifted,exact,1.0,0.995544930388393,1.0,0.9833847417767225,0.0,-0.004455069611607065,-0.004455069611607065,0.00653401942874332,10,0,0,0.004049827199441746
1.0,mixed,low,1.0,uniform,shifted,noisy,1.0,0.9965276157105251,1.0,0.9833847417767225,0.0,-0.003472384289474939,-0.003472384289474939,0.006962418324741638,10,0,0,0.004315351586099177
1.0,mixed,low,1.5,type-noisy,correct,exact,0.9616799829051873,0.9756472858924747,1.0,0.9833847417767225,-0.03832001709481266,-0.024352714107525375,0.01396730298728729,0.013367128978214172,10,0,0,0.008285032376285625
1.0,mixed,low,1.5,type-noisy,correct,noisy,0.9713368304884025,0.977979221580344,1.0,0.9833847417767225,-0.028663169511597465,-0.022020778419655985,0.00664239109194148,0.008872427767942379,10,0,0,0.005499187703916269
1.0,mixed,low,1.5,type-noisy,shifted,exact,0.967385794180894,0.9825576478009082,1.0,0.9833847417767225,-0.0326142058191059,-0.01744235219909197,0.015171853620013932,0.017302510078348484,10,0,0,0.010724206852777531
1.0,mixed,low,1.5,type-noisy,shifted,noisy,0.9859861894021252,0.9910169039441715,1.0,0.9833847417767225,-0.01401381059787471,-0.008983096055828444,0.005030714542046266,0.01388046289124925,10,0,0,0.008603200031903563
1.0,mixed,low,1.5,uniform,correct,exact,0.9817997483354267,0.9847332860139734,1.0,0.9833847417767225,-0.01820025166457332,-0.015266713986026715,0.002933537678546605,0.0046529845703394065,10,0,0,0.002883949715338924
1.0,mixed,low,1.5,uniform,correct,noisy,0.9794701303668122,0.9789077408441758,1.0,0.9833847417767225,-0.02052986963318786,-0.021092259155824234,-0.0005623895226363751,0.00585591394855741,10,0,0,0.003629533068440734
1.0,mixed,low,1.5,uniform,shifted,exact,0.980953922075354,0.9875835761998684,1.0,0.9833847417767225,-0.019046077924645945,-0.012416423800131693,0.00662965412451425,0.005722559465514443,10,0,0,0.0035468791035291594
1.0,mixed,low,1.5,uniform,shifted,noisy,0.989257293707016,0.99273637073811,1.0,0.9833847417767225,-0.01074270629298395,-0.007263629261889904,0.0034790770310940467,0.007008539612506165,10,0,0,0.004343937856418545
1.0,mixed,low,2.0,type-noisy,correct,exact,0.9064080035061062,0.9418314083392232,1.0,0.9833847417767225,-0.0935919964938938,-0.05816859166077677,0.035423404833117025,0.02651095456091217,10,0,0,0.016431659874111465
1.0,mixed,low,2.0,type-noisy,correct,noisy,0.9080149255320628,0.9407551093407875,1.0,0.9833847417767225,-0.09198507446793727,-0.059244890659212554,0.03274018380872472,0.023381698279996196,10,0,0,0.01449212673701536
1.0,mixed,low,2.0,type-noisy,shifted,exact,0.9076182168878688,0.9785188090523439,1.0,0.9833847417767225,-0.09238178311213113,-0.021481190947656048,0.07090059216447508,0.03794666632676891,10,0,0,0.02351958745978898
1.0,mixed,low,2.0,type-noisy,shifted,noisy,0.9504458235110211,0.9795789504479414,1.0,0.9833847417767225,-0.04955417648897888,-0.020421049552058625,0.029133126936920252,0.028715169403354283,10,0,0,0.01779784638758685
1.0,mixed,low,2.0,uniform,correct,exact,0.9175668835059895,0.9397954263340645,1.0,0.9833847417767225,-0.08243311649401046,-0.06020457366593537,0.02222854282807509,0.024138030760425613,10,0,0,0.01496090646509361
1.0,mixed,low,2.0,uniform,correct,noisy,0.9050706171420588,0.9408350165199998,1.0,0.9833847417767225,-0.09492938285794125,-0.05916498348000028,0.03576439937794097,0.017308079476688085,10,0,0,0.01072765880163171
1.0,mixed,low,2.0,uniform,shifted,exact,0.9184392406272757,0.977341591171944,1.0,0.9833847417767225,-0.08156075937272436,-0.022658408828056108,0.05890235054466826,0.02059837664640377,10,0,0,0.012767006115712711
1.0,mixed,low,2.0,uniform,shifted,noisy,0.943427060155515,0.9860705182212802,1.0,0.9833847417767225,-0.05657293984448493,-0.01392948177871971,0.042643458065765215,0.03127147690811346,10,0,0,0.019382262194091712
1.0,mixed,medium,0.5,type-noisy,correct,exact,0.9948467625993069,0.9948467625993069,1.0,0.8930772117360632,-0.00515323740069309,-0.00515323740069309,0.0,0.0,10,0,0,0.0
1.0,mixed,medium,0.5,type-noisy,correct,noisy,0.9933056325384063,0.9933056325384063,1.0,0.8930772117360632,-0.006694367461593664,-0.006694367461593664,0.0,0.0,10,0,0,0.0
1.0,mixed,medium,0.5,type-noisy,shifted,exact,0.9948881775830906,0.9948881775830906,1.0,0.8930772117360632,-0.005111822416909417,-0.005111822416909417,0.0,0.0,10,0,0,0.0
1.0,mixed,medium,0.5,type-noisy,shifted,noisy,0.9946704286633974,0.9946704286633974,1.0,0.8930772117360632,-0.00532957133660269,-0.00532957133660269,0.0,0.0,10,0,0,0.0
1.0,mixed,medium,0.5,uniform,correct,exact,0.9973804069986268,0.9973804069986268,1.0,0.8930772117360632,-0.0026195930013731992,-0.0026195930013731992,0.0,0.0,10,0,0,0.0
1.0,mixed,medium,0.5,uniform,correct,noisy,0.995809176996981,0.995809176996981,1.0,0.8930772117360632,-0.004190823003019007,-0.004190823003019007,0.0,0.0,10,0,0,0.0
1.0,mixed,medium,0.5,uniform,shifted,exact,0.9967307081289644,0.9967307081289644,1.0,0.8930772117360632,-0.0032692918710356955,-0.0032692918710356955,0.0,0.0,10,0,0,0.0
1.0,mixed,medium,0.5,uniform,shifted,noisy,0.9967307081289644,0.9967307081289644,1.0,0.8930772117360632,-0.0032692918710356955,-0.0032692918710356955,0.0,0.0,10,0,0,0.0
1.0,mixed,medium,1.0,type-noisy,correct,exact,0.9921702679386246,0.9921702679386246,1.0,0.8930772117360632,-0.007829732061375338,-0.007829732061375338,0.0,0.0,10,0,0,0.0
1.0,mixed,medium,1.0,type-noisy,correct,noisy,0.9918236014306538,0.9918236014306538,1.0,0.8930772117360632,-0.008176398569346177,-0.008176398569346177,0.0,0.0,10,0,0,0.0
1.0,mixed,medium,1.0,type-noisy,shifted,exact,0.9843234663472973,0.9952213638569981,1.0,0.8930772117360632,-0.015676533652702586,-0.00477863614300188,0.010897897509700705,0.013973061629411993,10,0,0,0.00866059332442972
1.0,mixed,medium,1.0,type-noisy,shifted,noisy,0.9913269927560002,0.9933306307593783,1.0,0.8930772117360632,-0.008673007243999742,-0.006669369240621614,0.0020036380033781275,0.00484633485300487,10,0,0,0.00300378946211313
1.0,mixed,medium,1.0,uniform,correct,exact,1.0,1.0,1.0,0.8930772117360632,0.0,0.0,0.0,0.0,10,0,0,0.0
1.0,mixed,medium,1.0,uniform,correct,noisy,1.0,1.0,1.0,0.8930772117360632,0.0,0.0,0.0,0.0,10,0,0,0.0
1.0,mixed,medium,1.0,uniform,shifted,exact,1.0,0.9972680509686367,1.0,0.8930772117360632,0.0,-0.0027319490313633234,-0.0027319490313633234,0.0032024682223787564,10,0,0,0.0019849103685373867
1.0,mixed,medium,1.0,uniform,shifted,noisy,1.0,0.9958248155471032,1.0,0.8930772117360632,0.0,-0.004175184452896797,-0.004175184452896797,0.004483866874710629,10,0,0,0.00277912948161702
1.0,mixed,medium,1.5,type-noisy,correct,exact,0.9458930459337276,0.954014963597143,1.0,0.8930772117360632,-0.05410695406627238,-0.04598503640285696,0.008121917663415423,0.0068290831661301735,10,0,0,0.004232709598594337
1.0,mixed,medium,1.5,type-noisy,correct,noisy,0.9353915156045736,0.9454008201364704,1.0,0.8930772117360632,-0.06460848439542648,-0.05459917986352959,0.01000930453189689,0.008811420668237887,10,0,0,0.005461375111768862
1.0,mixed,medium,1.5,type-noisy,shifted,exact,0.9470014390832319,0.9833566289838684,1.0,0.8930772117360632,-0.05299856091676819,-0.016643371016131538,0.03635518990063665,0.017980831324484286,10,0,0,0.011144634716899802
1.0,mixed,medium,1.5,type-noisy,shifted,noisy,0.9580587284210085,0.9887507405088873,1.0,0.8930772117360632,-0.04194127157899154,-0.011249259491112551,0.030692012087878983,0.019233933863716475,10,0,0,0.011921315717379791
1.0,mixed,medium,1.5,uniform,correct,exact,0.9544344274299433,0.957661872595535,1.0,0.8930772117360632,-0.045565572570056646,-0.042338127404464986,0.0032274451655916582,0.004070974894402366,10,0,0,0.0025232163808802856
1.0,mixed,medium,1.5,uniform,correct,noisy,0.946539528319537,0.95074236161453,1.0,0.8930772117360632,-0.05346047168046304,-0.04925763838547,0.004202833294993036,0.005695165771976235,10,0,0,0.0035299003163685055
1.0,mixed,medium,1.5,uniform,shifted,exact,0.9631216293288501,0.9890579367628451,1.0,0.8930772117360632,-0.03687837067114985,-0.010942063237154864,0.025936307433994988,0.014068914270895882,10,0,0,0.008720003407128918
1.0,mixed,medium,1.5,uniform,shifted,noisy,0.9586997060237467,0.9888203554695387,1.0,0.8930772117360632,-0.04130029397625332,-0.01117964453046133,0.030120649445791993,0.01776967287921363,10,0,0,0.011013757356589687
1.0,mixed,medium,2.0,type-noisy,correct,exact,0.8857186107203633,0.9026898853644811,1.0,0.8930772117360632,-0.11428138927963664,-0.09731011463551889,0.01697127464411776,0.01710674760472504,10,0,0,0.010602872014557941
1.0,mixed,medium,2.0,type-noisy,correct,noisy,0.8644426879176436,0.8790816562417382,1.0,0.8930772117360632,-0.13555731208235636,-0.1209183437582618,0.014638968324094536,0.014386636182139253,10,0,0,0.008916929487934816
1.0,mixed,medium,2.0,type-noisy,shifted,exact,0.8900672140590077,0.9513393756240156,1.0,0.8930772117360632,-0.10993278594099243,-0.048660624375984396,0.06127216156500802,0.01563978664204598,10,0,0,0.0096936401899566
1.0,mixed,medium,2.0,type-noisy,shifted,noisy,0.8896276231699531,0.9366406328266063,1.0,0.8930772117360632,-0.11037237683004682,-0.06335936717339379,0.047013009656653025,0.02168864949063406,10,0,0,0.013442764225637057
1.0,mixed,medium,2.0,uniform,correct,exact,0.902392944997049,0.9085955640278243,1.0,0.8930772117360632,-0.09760705500295105,-0.09140443597217565,0.006202619030775414,0.011715817044385301,10,0,0,0.007261538635975594
1.0,mixed,medium,2.0,uniform,correct,noisy,0.8692398998529413,0.8785892564388194,1.0,0.8930772117360632,-0.13076010014705872,-0.12141074356118058,0.009349356585878132,0.01207228212800974,10,0,0,0.007482477983808415
1.0,mixed,medium,2.0,uniform,shifted,exact,0.895711042757695,0.9628263560862619,1.0,0.8930772117360632,-0.10428895724230496,-0.03717364391373804,0.0671153133285669,0.024621810342644674,10,0,0,0.015260756156691807
1.0,mixed,medium,2.0,uniform,shifted,noisy,0.8949833104375389,0.9597313410762449,1.0,0.8930772117360632,-0.1050166895624612,-0.04026865892375512,0.06474803063870607,0.019541500557312193,10,0,0,0.01211194752907703
1.0,reverse,high,0.5,type-noisy,correct,exact,0.9982323491156405,0.9982323491156405,1.0,0.9881063302072324,-0.001767650884359462,-0.001767650884359462,0.0,0.0,10,0,0,0.0
1.0,reverse,high,0.5,type-noisy,correct,noisy,0.9964442911223808,0.9964442911223808,1.0,0.9881063302072324,-0.0035557088776192345,-0.0035557088776192345,0.0,0.0,10,0,0,0.0
1.0,reverse,high,0.5,type-noisy,shifted,exact,0.9948569633931147,0.9948569633931147,1.0,0.9881063302072324,-0.005143036606885254,-0.005143036606885254,0.0,0.0,10,0,0,0.0
1.0,reverse,high,0.5,type-noisy,shifted,noisy,0.9946667823313712,0.9946667823313712,1.0,0.9881063302072324,-0.005333217668628776,-0.005333217668628776,0.0,0.0,10,0,0,0.0
1.0,reverse,high,0.5,uniform,correct,exact,0.9996141039596553,0.9996141039596553,1.0,0.9881063302072324,-0.00038589604034463545,-0.00038589604034463545,0.0,0.0,10,0,0,0.0
1.0,reverse,high,0.5,uniform,correct,noisy,0.9992193353423128,0.9992193353423128,1.0,0.9881063302072324,-0.0007806646576872245,-0.0007806646576872245,0.0,0.0,10,0,0,0.0
1.0,reverse,high,0.5,uniform,shifted,exact,0.9963832874310692,0.9963832874310692,1.0,0.9881063302072324,-0.0036167125689309356,-0.0036167125689309356,0.0,0.0,10,0,0,0.0
1.0,reverse,high,0.5,uniform,shifted,noisy,0.997152776556474,0.997152776556474,1.0,0.9881063302072324,-0.0028472234435259923,-0.0028472234435259923,0.0,0.0,10,0,0,0.0
1.0,reverse,high,1.0,type-noisy,correct,exact,0.995736061683407,0.995736061683407,1.0,0.9881063302072324,-0.004263938316593041,-0.004263938316593041,0.0,0.0,10,0,0,0.0
1.0,reverse,high,1.0,type-noisy,correct,noisy,0.9935670598474919,0.9935211841416027,1.0,0.9881063302072324,-0.006432940152508027,-0.006478815858397357,-4.5875705889331095e-05,0.00014507171987828668,10,0,0,8.991638354308894e-05
1.0,reverse,high,1.0,type-noisy,shifted,exact,0.979719488899258,0.9917987518717307,1.0,0.9881063302072324,-0.02028051110074197,-0.008201248128269178,0.012079262972472794,0.01040620206295033,10,0,0,0.006449830860929723
1.0,reverse,high,1.0,type-noisy,shifted,noisy,0.9824747487343496,0.9902952258246438,1.0,0.9881063302072324,-0.017525251265650466,-0.009704774175356201,0.007820477090294264,0.00905526845567253,10,0,0,0.005612513536263328
1.0,reverse,high,1.0,uniform,correct,exact,1.0,1.0,1.0,0.9881063302072324,0.0,0.0,0.0,0.0,10,0,0,0.0
1.0,reverse,high,1.0,uniform,correct,noisy,1.0,1.0,1.0,0.9881063302072324,0.0,0.0,0.0,0.0,10,0,0,0.0
1.0,reverse,high,1.0,uniform,shifted,exact,1.0,0.9954121860227689,1.0,0.9881063302072324,0.0,-0.004587813977231181,-0.004587813977231181,0.001814299909107328,10,0,0,0.0011245147339974623
1.0,reverse,high,1.0,uniform,shifted,noisy,1.0,0.9941439465076021,1.0,0.9881063302072324,0.0,-0.005856053492397817,-0.005856053492397817,0.0015079770301428094,10,0,0,0.0009346538465956623
1.0,reverse,high,1.5,type-noisy,correct,exact,0.9875961774750255,0.9886672437710283,1.0,0.9881063302072324,-0.012403822524974416,-0.011332756228971652,0.0010710662960027651,0.0027959351875732363,10,0,0,0.0017329385830565402
1.0,reverse,high,1.5,type-noisy,correct,noisy,0.975506782438392,0.97933418335425,1.0,0.9881063302072324,-0.024493217561608084,-0.0206658166457499,0.0038274009158581813,0.004536705385570117,10,0,0,0.002811879129944575
1.0,reverse,high,1.5,type-noisy,shifted,exact,0.9360403264896598,0.9805882174522644,1.0,0.9881063302072324,-0.06395967351034015,-0.01941178254773568,0.044547890962604475,0.028784184747801846,10,0,0,0.0178406225412501
1.0,reverse,high,1.5,type-noisy,shifted,noisy,0.9507378805134774,0.9856496788409134,1.0,0.9881063302072324,-0.04926211948652258,-0.014350321159086622,0.03491179832743596,0.020021703848689135,10,0,0,0.012409580612646513
1.0,reverse,high,1.5,uniform,correct,exact,0.9947150361232457,0.9947150361232457,1.0,0.9881063302072324,-0.005284963876754245,-0.005284963876754245,0.0,0.0,10,0,0,0.0
1.0,reverse,high,1.5,uniform,correct,noisy,0.9784099660444013,0.9789723257267948,1.0,0.9881063302072324,-0.02159003395559871,-0.021027674273205288,0.0005623596823934208,0.0021004085431152665,10,0,0,0.001301846702571563
1.0,reverse,high,1.5,uniform,shifted,exact,0.9484063310925333,0.9838350211775067,1.0,0.9881063302072324,-0.05159366890746671,-0.016164978822493382,0.035428690084973326,0.012118308225891489,10,0,0,0.007511005254827186
1.0,reverse,high,1.5,uniform,shifted,noisy,0.9423061669884071,0.9830037297026694,1.0,0.9881063302072324,-0.05769383301159302,-0.016996270297330574,0.04069756271426245,0.012394538337179805,10,0,0,0.0076822144515857884
1.0,reverse,high,2.0,type-noisy,correct,exact,0.9956955532005605,0.9972818378649941,1.0,0.9881063302072324,-0.004304446799439632,-0.0027181621350058304,0.0015862846644338013,0.003159858839322229,10,0,0,0.0019585007993073566
1.0,reverse,high,2.0,type-noisy,correct,noisy,0.9671822850306716,0.9689485479054184,1.0,0.9881063302072324,-0.03281771496932843,-0.031051452094581565,0.00176626287474686,0.002861331114832608,10,0,0,0.0017734713987048486
1.0,reverse,high,2.0,type-noisy,shifted,exact,0.8949613194275969,0.9570509485887214,1.0,0.9881063302072324,-0.1050386805724032,-0.04294905141127856,0.062089629161124635,0.013179571789080089,10,0,0,0.008168783226081899
1.0,reverse,high,2.0,type-noisy,shifted,noisy,0.8830493269273927,0.9414690494770298,1.0,0.9881063302072324,-0.11695067307260745,-0.058530950522970214,0.05841972254963722,0.022255887537905424,10,0,0,0.013794342009794276
1.0,reverse,high,2.0,uniform,correct,exact,0.9990207666724344,0.999742847588472,1.0,0.9881063302072324,-0.0009792333275654096,-0.0002571524115281054,0.0007220809160373043,0.0010741614781198264,10,0,0,0.0006657721817516673
1.0,reverse,high,2.0,uniform,correct,noisy,0.9626541319111407,0.9645612278134689,1.0,0.9881063302072324,-0.0373458680888592,-0.0354387721865312,0.0019070959023280043,0.0037031549569506803,10,0,0,0.0022952392217313587
1.0,reverse,high,2.0,uniform,shifted,exact,0.8937855596802807,0.9629622455228605,1.0,0.9881063302072324,-0.1062144403197193,-0.0370377544771396,0.0691766858425797,0.016239564338017123,10,0,0,0.010065386257327813
1.0,reverse,high,2.0,uniform,shifted,noisy,0.8994747316561188,0.9627068937896315,1.0,0.9881063302072324,-0.10052526834388123,-0.03729310621036861,0.0632321621335126,0.014585019135974353,10,0,0,0.009039888516616723
1.0,reverse,low,0.5,type-noisy,correct,exact,0.9961138220471435,0.9961138220471435,1.0,0.9992007817340575,-0.003886177952856473,-0.003886177952856473,0.0,0.0,10,0,0,0.0
1.0,reverse,low,0.5,type-noisy,correct,noisy,0.9943817411135442,0.9943817411135442,1.0,0.9992007817340575,-0.005618258886455918,-0.005618258886455918,0.0,0.0,10,0,0,0.0
1.0,reverse,low,0.5,type-noisy,shifted,exact,0.9839724912089316,0.9839724912089316,1.0,0.9992007817340575,-0.016027508791068436,-0.016027508791068436,0.0,0.0,10,0,0,0.0
1.0,reverse,low,0.5,type-noisy,shifted,noisy,0.9890233043348282,0.9890233043348282,1.0,0.9992007817340575,-0.010976695665171921,-0.010976695665171921,0.0,0.0,10,0,0,0.0
1.0,reverse,low,0.5,uniform,correct,exact,0.9981675313411728,0.9981675313411728,1.0,0.9992007817340575,-0.0018324686588271466,-0.0018324686588271466,0.0,0.0,10,0,0,0.0
1.0,reverse,low,0.5,uniform,correct,noisy,0.9958092484607268,0.9958092484607268,1.0,0.9992007817340575,-0.004190751539273207,-0.004190751539273207,0.0,0.0,10,0,0,0.0
1.0,reverse,low,0.5,uniform,shifted,exact,0.9935873481454511,0.9935873481454511,1.0,0.9992007817340575,-0.006412651854549023,-0.006412651854549023,0.0,0.0,10,0,0,0.0
1.0,reverse,low,0.5,uniform,shifted,noisy,0.9953557383578978,0.9953557383578978,1.0,0.9992007817340575,-0.004644261642102243,-0.004644261642102243,0.0,0.0,10,0,0,0.0
1.0,reverse,low,1.0,type-noisy,correct,exact,0.9927180445074345,0.9927180445074345,1.0,0.9992007817340575,-0.0072819554925654065,-0.0072819554925654065,0.0,0.0,10,0,0,0.0
1.0,reverse,low,1.0,type-noisy,correct,noisy,0.9901770757426963,0.9894384084505266,1.0,0.9992007817340575,-0.009822924257303777,-0.010561591549473448,-0.0007386672921696702,0.002335871076325217,10,0,0,0.0014477878926525535
1.0,reverse,low,1.0,type-noisy,shifted,exact,0.9748988398573217,0.984320742449207,1.0,0.9992007817340575,-0.02510116014267828,-0.015679257550793035,0.009421902591885245,0.010046542565125926,10,0,0,0.006226911594663174
1.0,reverse,low,1.0,type-noisy,shifted,noisy,0.9845848863028813,0.9892563583077552,1.0,0.9992007817340575,-0.015415113697118621,-0.010743641692244899,0.004671472004873722,0.00547198964334422,10,0,0,0.003391574318740752
1.0,reverse,low,1.0,uniform,correct,exact,1.0,1.0,1.0,0.9992007817340575,0.0,0.0,0.0,0.0,10,0,0,0.0
1.0,reverse,low,1.0,uniform,correct,noisy,1.0,1.0,1.0,0.9992007817340575,0.0,0.0,0.0,0.0,10,0,0,0.0
1.0,reverse,low,1.0,uniform,shifted,exact,1.0,0.9861739610062419,1.0,0.9992007817340575,0.0,-0.013826038993758139,-0.013826038993758139,0.005193428200351964,10,0,0,0.003218920147621651
1.0,reverse,low,1.0,uniform,shifted,noisy,1.0,0.9879046465886251,1.0,0.9992007817340575,0.0,-0.012095353411374887,-0.012095353411374887,0.006255271795858963,10,0,0,0.0038770576266319223
1.0,reverse,low,1.5,type-noisy,correct,exact,0.9947848966480134,0.9979934605198484,1.0,0.9992007817340575,-0.005215103351986716,-0.0020065394801516367,0.0032085638718350796,0.004870517428390289,10,0,0,0.003018777977622833
1.0,reverse,low,1.5,type-noisy,correct,noisy,0.9800152597350967,0.9870578501285653,1.0,0.9992007817340575,-0.019984740264903256,-0.012942149871434683,0.007042590393468573,0.00643784950664051,10,0,0,0.003990220464177559
1.0,reverse,low,1.5,type-noisy,shifted,exact,0.9428829593091714,0.9779372461177456,1.0,0.9992007817340575,-0.05711704069082849,-0.022062753882254472,0.03505428680857402,0.03381963184434467,10,0,0,0.020961624986272093
1.0,reverse,low,1.5,type-noisy,shifted,noisy,0.973039458982172,0.9863380323909812,1.0,0.9992007817340575,-0.02696054101782791,-0.013661967609018777,0.013298573408809133,0.015693346755388665,10,0,0,0.009726837092136932
1.0,reverse,low,1.5,uniform,correct,exact,0.9980255789071458,0.9980255789071458,1.0,0.9992007817340575,-0.001974421092854184,-0.001974421092854184,0.0,0.0,10,0,0,0.0
1.0,reverse,low,1.5,uniform,correct,noisy,0.991736450999053,0.9940486854946877,1.0,0.9992007817340575,-0.008263549000946868,-0.005951314505312155,0.0023122344956347128,0.0035609876962372253,10,0,0,0.002207123040629306
1.0,reverse,low,1.5,uniform,shifted,exact,0.9755442310570501,0.9833051363023527,1.0,0.9992007817340575,-0.02445576894294994,-0.016694863697647222,0.0077609052453027185,0.005014989870312785,10,0,0,0.0031083229248407237
1.0,reverse,low,1.5,uniform,shifted,noisy,0.9843189989934462,0.990830035362754,1.0,0.9992007817340575,-0.01568100100655382,-0.009169964637246019,0.006511036369307799,0.0053105285206487204,10,0,0,0.003291499678088758
1.0,reverse,low,2.0,type-noisy,correct,exact,0.9954867161617837,1.0,1.0,0.9992007817340575,-0.0045132838382161864,0.0,0.0045132838382161864,0.005454384516154695,10,0,0,0.003380662547859244
1.0,reverse,low,2.0,type-noisy,correct,noisy,0.9515682660539712,0.9732684928762222,1.0,0.9992007817340575,-0.04843173394602884,-0.026731507123777743,0.0217002268222511,0.016487442784304144,10,0,0,0.01021902291006143
1.0,reverse,low,2.0,type-noisy,shifted,exact,0.8758427901381687,0.9747228035118237,1.0,0.9992007817340575,-0.12415720986183136,-0.025277196488176213,0.09888001337365514,0.03347682746812246,10,0,0,0.02074915263260794
1.0,reverse,low,2.0,type-noisy,shifted,noisy,0.9228368535144764,0.98283302928397,1.0,0.9992007817340575,-0.0771631464855237,-0.01716697071602996,0.059996175769493745,0.04121186666519199,10,0,0,0.025543379596678212
1.0,reverse,low,2.0,uniform,correct,exact,0.9974083772353038,0.9992666760512439,1.0,0.9992007817340575,-0.0025916227646961,-0.0007333239487560594,0.0018582988159400403,0.0029956979233389425,10,0,0,0.0018567528094391584
1.0,reverse,low,2.0,uniform,correct,noisy,0.9620569144779558,0.979258622106682,1.0,0.9992007817340575,-0.03794308552204416,-0.020741377893317915,0.017201707628726248,0.013925173417823941,10,0,0,0.008630911903378419
1.0,reverse,low,2.0,uniform,shifted,exact,0.8779476363559822,0.9704610348790219,1.0,0.9992007817340575,-0.12205236364401792,-0.02953896512097819,0.09251339852303972,0.013816900812902527,10,0,0,0.00856380384758718
1.0,reverse,low,2.0,uniform,shifted,noisy,0.9183124742046594,0.981344909667478,1.0,0.9992007817340575,-0.08168752579534068,-0.01865509033252193,0.06303243546281875,0.0376168486332485,10,0,0,0.023315164335456003
1.0,reverse,medium,0.5,type-noisy,correct,exact,0.997589088052454,0.997589088052454,1.0,0.9937839030911159,-0.0024109119475459904,-0.0024109119475459904,0.0,0.0,10,0,0,0.0
1.0,reverse,medium,0.5,type-noisy,correct,noisy,0.9963845208167023,0.9963845208167023,1.0,0.9937839030911159,-0.003615479183297765,-0.003615479183297765,0.0,0.0,10,0,0,0.0
1.0,reverse,medium,0.5,type-noisy,shifted,exact,0.9895809346369884,0.9895809346369884,1.0,0.9937839030911159,-0.010419065363011593,-0.010419065363011593,0.0,0.0,10,0,0,0.0
1.0,reverse,medium,0.5,type-noisy,shifted,noisy,0.9900013941716557,0.9900013941716557,1.0,0.9937839030911159,-0.009998605828344387,-0.009998605828344387,0.0,0.0,10,0,0,0.0
1.0,reverse,medium,0.5,uniform,correct,exact,0.9992870210687727,0.9992870210687727,1.0,0.9937839030911159,-0.0007129789312272927,-0.0007129789312272927,0.0,0.0,10,0,0,0.0
1.0,reverse,medium,0.5,uniform,correct,noisy,0.9976613572194977,0.9976613572194977,1.0,0.9937839030911159,-0.002338642780502431,-0.002338642780502431,0.0,0.0,10,0,0,0.0
1.0,reverse,medium,0.5,uniform,shifted,exact,0.992863706014982,0.992863706014982,1.0,0.9937839030911159,-0.007136293985018027,-0.007136293985018027,0.0,0.0,10,0,0,0.0
1.0,reverse,medium,0.5,uniform,shifted,noisy,0.9950056815339675,0.9950056815339675,1.0,0.9937839030911159,-0.004994318466032521,-0.004994318466032521,0.0,0.0,10,0,0,0.0
1.0,reverse,medium,1.0,type-noisy,correct,exact,0.995444335089001,0.9959159275758248,1.0,0.9937839030911159,-0.00455566491099898,-0.0040840724241752,0.00047159248682377975,0.0014913063857860895,10,0,0,0.0009243212741746082
1.0,reverse,medium,1.0,type-noisy,correct,noisy,0.9940079533460494,0.9940079533460494,1.0,0.9937839030911159,-0.005992046653950633,-0.005992046653950633,0.0,0.0,10,0,0,0.0
1.0,reverse,medium,1.0,type-noisy,shifted,exact,0.9805137453011424,0.9896576378945008,1.0,0.9937839030911159,-0.01948625469885764,-0.010342362105499181,0.00914389259335846,0.016956196784656066,10,0,0,0.010509559649533208
1.0,reverse,medium,1.0,type-noisy,shifted,noisy,0.9882259556664256,0.991351747588267,1.0,0.9937839030911159,-0.011774044333574363,-0.00864825241173286,0.003125791921841503,0.004887896272109405,10,0,0,0.0030295494965563267
1.0,reverse,medium,1.0,uniform,correct,exact,1.0,1.0,1.0,0.9937839030911159,0.0,0.0,0.0,0.0,10,0,0,0.0
1.0,reverse,medium,1.0,uniform,correct,noisy,1.0,1.0,1.0,0.9937839030911159,0.0,0.0,0.0,0.0,10,0,0,0.0
1.0,reverse,medium,1.0,uniform,shifted,exact,1.0,0.9903669642472298,1.0,0.9937839030911159,0.0,-0.009633035752770257,-0.009633035752770257,0.00200732639043469,10,0,0,0.0012441537866230577
1.0,reverse,medium,1.0,uniform,shifted,noisy,1.0,0.9904691540782776,1.0,0.9937839030911159,0.0,-0.00953084592172242,-0.00953084592172242,0.003107661059649119,10,0,0,0.0019261482802835057
1.0,reverse,medium,1.5,type-noisy,correct,exact,0.9852594388756353,0.9881795162887782,1.0,0.9937839030911159,-0.014740561124364759,-0.011820483711221885,0.002920077413142874,0.0045052232434972285,10,0,0,0.002792366296128592
1.0,reverse,medium,1.5,type-noisy,correct,noisy,0.9730823502460927,0.9802081186735659,1.0,0.9937839030911159,-0.026917649753907324,-0.019791881326434058,0.007125768427473267,0.007009378790197211,10,0,0,0.004344457984140145
1.0,reverse,medium,1.5,type-noisy,shifted,exact,0.9163879027597852,0.983668313063277,1.0,0.9937839030911159,-0.08361209724021476,-0.01633168693672299,0.06728041030349177,0.04771601781225581,10,0,0,0.029574694243339028
1.0,reverse,medium,1.5,type-noisy,shifted,noisy,0.9380164989425308,0.9879740993743835,1.0,0.9937839030911159,-0.06198350105746916,-0.012025900625616459,0.0499576004318527,0.02274658207347143,10,0,0,0.014098477633880547
1.0,reverse,medium,1.5,uniform,correct,exact,0.9914403230988189,0.9931319412485784,1.0,0.9937839030911159,-0.008559676901181234,-0.006868058751421646,0.0016916181497595884,0.0021946811029787713,10,0,0,0.0013602774405361195
1.0,reverse,medium,1.5,uniform,correct,noisy,0.9844945892500272,0.984283250779006,1.0,0.9937839030911159,-0.015505410749972748,-0.01571674922099392,-0.00021133847102117187,0.002550962250653785,10,0,0,0.0015811027836863615
1.0,reverse,medium,1.5,uniform,shifted,exact,0.9383872678726487,0.9895150719247411,1.0,0.9937839030911159,-0.06161273212735126,-0.010484928075258826,0.051127804052092427,0.008247482389044289,10,0,0,0.00511184254505535
1.0,reverse,medium,1.5,uniform,shifted,noisy,0.9382941261454792,0.9897506846141125,1.0,0.9937839030911159,-0.061705873854520754,-0.01024931538588748,0.05145655846863327,0.012549289496006807,10,0,0,0.007778130213544772
1.0,reverse,medium,2.0,type-noisy,correct,exact,0.9946126194313145,0.9969884788116083,1.0,0.9937839030911159,-0.005387380568685485,-0.0030115211883917524,0.0023758593802937324,0.004631065909950864,10,0,0,0.0028703643888817725
1.0,reverse,medium,2.0,type-noisy,correct,noisy,0.9508497793083273,0.9644531429057166,1.0,0.9937839030911159,-0.0491502206916728,-0.03554685709428337,0.013603363597389428,0.010227328600739985,10,0,0,0.006338963940434952
1.0,reverse,medium,2.0,type-noisy,shifted,exact,0.8492785414140211,0.9724881599312241,1.0,0.9937839030911159,-0.15072145858597877,-0.027511840068775984,0.12320961851720277,0.026880948853759624,10,0,0,0.01666098471269708
1.0,reverse,medium,2.0,type-noisy,shifted,noisy,0.8518943687344127,0.9615136785766136,1.0,0.9937839030911159,-0.14810563126558735,-0.03848632142338645,0.10961930984220089,0.040441520214632,10,0,0,0.025065913919923827
1.0,reverse,medium,2.0,uniform,correct,exact,0.9980257246408843,0.9995027462280316,1.0,0.9937839030911159,-0.001974275359115707,-0.0004972537719684311,0.001477021587147276,0.0019131377606272707,10,0,0,0.001185775069046211
1.0,reverse,medium,2.0,uniform,correct,noisy,0.9605757454928184,0.9653447450257693,1.0,0.9937839030911159,-0.03942425450718149,-0.03465525497423079,0.004768999532950702,0.012539688443210071,10,0,0,0.007772179419369222
1.0,reverse,medium,2.0,uniform,shifted,exact,0.8410582230312842,0.9794827419490696,1.0,0.9937839030911159,-0.15894177696871575,-0.02051725805093042,0.13842451891778534,0.013668409646418692,10,0,0,0.008471768069080362
1.0,reverse,medium,2.0,uniform,shifted,noisy,0.8452803467223348,0.9804012735209204,1.0,0.9937839030911159,-0.15471965327766526,-0.01959872647907961,0.13512092679858564,0.008062560525074765,10,0,0,0.004997226786311076
1.0,separated,high,0.5,type-noisy,correct,exact,0.9980126980557266,0.9980126980557266,1.0,0.9130397723065308,-0.0019873019442735117,-0.0019873019442735117,0.0,0.0,10,0,0,0.0
1.0,separated,high,0.5,type-noisy,correct,noisy,0.9992039275076637,0.9992039275076637,1.0,0.9130397723065308,-0.0007960724923363416,-0.0007960724923363416,0.0,0.0,10,0,0,0.0
1.0,separated,high,0.5,type-noisy,shifted,exact,0.99826132880095,0.99826132880095,1.0,0.9130397723065308,-0.0017386711990501457,-0.0017386711990501457,0.0,0.0,10,0,0,0.0
1.0,separated,high,0.5,type-noisy,shifted,noisy,1.0,1.0,1.0,0.9130397723065308,0.0,0.0,0.0,0.0,10,0,0,0.0
1.0,separated,high,0.5,uniform,correct,exact,1.0,1.0,1.0,0.9130397723065308,0.0,0.0,0.0,0.0,10,0,0,0.0
1.0,separated,high,0.5,uniform,correct,noisy,0.996109607908642,0.996109607908642,1.0,0.9130397723065308,-0.003890392091358019,-0.003890392091358019,0.0,0.0,10,0,0,0.0
1.0,separated,high,0.5,uniform,shifted,exact,1.0,1.0,1.0,0.9130397723065308,0.0,0.0,0.0,0.0,10,0,0,0.0
1.0,separated,high,0.5,uniform,shifted,noisy,1.0,1.0,1.0,0.9130397723065308,0.0,0.0,0.0,0.0,10,0,0,0.0
1.0,separated,high,1.0,type-noisy,correct,exact,0.9927246640691006,0.9930827120521377,1.0,0.9130397723065308,-0.007275335930899374,-0.006917287947862294,0.00035804798303707975,0.0011322471380265041,10,0,0,0.0007017740467526763
1.0,separated,high,1.0,type-noisy,correct,noisy,0.9912789968486331,0.9908785417292452,1.0,0.9130397723065308,-0.008721003151366891,-0.009121458270754923,-0.00040045511938803237,0.001266350277940836,10,0,0,0.0007848920340005434
1.0,separated,high,1.0,type-noisy,shifted,exact,0.9896932902067874,0.9896932902067874,1.0,0.9130397723065308,-0.010306709793212576,-0.010306709793212576,0.0,0.0,10,0,0,0.0
1.0,separated,high,1.0,type-noisy,shifted,noisy,0.994243938949055,0.994243938949055,1.0,0.9130397723065308,-0.005756061050944927,-0.005756061050944927,0.0,0.0,10,0,0,0.0
1.0,separated,high,1.0,uniform,correct,exact,1.0,1.0,1.0,0.9130397723065308,0.0,0.0,0.0,0.0,10,0,0,0.0
1.0,separated,high,1.0,uniform,correct,noisy,1.0,1.0,1.0,0.9130397723065308,0.0,0.0,0.0,0.0,10,0,0,0.0
1.0,separated,high,1.0,uniform,shifted,exact,1.0,1.0,1.0,0.9130397723065308,0.0,0.0,0.0,0.0,10,0,0,0.0
1.0,separated,high,1.0,uniform,shifted,noisy,0.9996391300466548,0.9996391300466548,1.0,0.9130397723065308,-0.00036086995334519976,-0.00036086995334519976,0.0,0.0,10,0,0,0.0
1.0,separated,high,1.5,type-noisy,correct,exact,0.9709230047576212,0.9723206867367411,1.0,0.9130397723065308,-0.029076995242378934,-0.02767931326325892,0.0013976819791200134,0.002229936702373462,10,0,0,0.001382129087431008
1.0,separated,high,1.5,type-noisy,correct,noisy,0.9537376046217118,0.9550396402505589,1.0,0.9130397723065308,-0.046262395378288336,-0.044960359749441126,0.0013020356288472091,0.002724759012652091,10,0,0,0.0016888231327902227
1.0,separated,high,1.5,type-noisy,shifted,exact,0.9725332317633268,0.9728872601496196,1.0,0.9130397723065308,-0.0274667682366731,-0.027112739850380353,0.0003540283862927485,0.0008013407177012782,10,0,0,0.0004966761225549294
1.0,separated,high,1.5,type-noisy,shifted,noisy,0.964343649200409,0.96417803049806,1.0,0.9130397723065308,-0.035656350799590994,-0.03582196950193998,-0.00016561870234897967,0.001395647370805009,10,0,0,0.0008650312024252051
1.0,separated,high,1.5,uniform,correct,exact,0.9751018890618763,0.9754004646654266,1.0,0.9130397723065308,-0.024898110938123642,-0.024599535334573396,0.00029857560355024405,0.0006385404829836351,10,0,0,0.0003957714916726462
1.0,separated,high,1.5,uniform,correct,noisy,0.9581054289075835,0.9593138702759564,1.0,0.9130397723065308,-0.04189457109241653,-0.04068612972404362,0.0012084413683729144,0.0033938030076379106,10,0,0,0.0021035008970768615
1.0,separated,high,1.5,uniform,shifted,exact,0.9767890567616522,0.9767890567616522,1.0,0.9130397723065308,-0.023210943238347735,-0.023210943238347735,0.0,0.0,10,0,0,0.0
1.0,separated,high,1.5,uniform,shifted,noisy,0.9668025694260611,0.9665699605208982,1.0,0.9130397723065308,-0.03319743057393879,-0.03343003947910185,-0.00023260890516305644,0.0019244140660914445,10,0,0,0.0011927641955824949
1.0,separated,high,2.0,type-noisy,correct,exact,0.9458817201083717,0.9468454657696579,1.0,0.9130397723065308,-0.054118279891628304,-0.05315453423034213,0.000963745661286175,0.0022998355082383703,10,0,0,0.001425452816153781
1.0,separated,high,2.0,type-noisy,correct,noisy,0.9269840974255003,0.9310214765636416,1.0,0.9130397723065308,-0.07301590257449983,-0.06897852343635827,0.00403737913814155,0.008863763971255817,10,0,0,0.005493817827096295
1.0,separated,high,2.0,type-noisy,shifted,exact,0.9519709540472764,0.952604160299711,1.0,0.9130397723065308,-0.0480290459527236,-0.04739583970028901,0.0006332062524345927,0.002061493498019103,10,0,0,0.0012777269077321625
1.0,separated,high,2.0,type-noisy,shifted,noisy,0.9334541895590209,0.939319109971365,1.0,0.9130397723065308,-0.06654581044097904,-0.0606808900286349,0.005864920412344143,0.008492913901836329,10,0,0,0.005263962572696054
1.0,separated,high,2.0,uniform,correct,exact,0.9584330622314227,0.9593581537672916,1.0,0.9130397723065308,-0.04156693776857732,-0.040641846232708424,0.0009250915358688938,0.0049472624544479055,10,0,0,0.0030663450375833174
1.0,separated,high,2.0,uniform,correct,noisy,0.9342427949332397,0.9370036744396115,1.0,0.9130397723065308,-0.06575720506676028,-0.06299632556038855,0.0027608795063717383,0.0038257537756836856,10,0,0,0.002371226756837272
1.0,separated,high,2.0,uniform,shifted,exact,0.9583322892481915,0.9591318552642342,1.0,0.9130397723065308,-0.04166771075180853,-0.040868144735765756,0.0007995660160427742,0.0010836548294902053,10,0,0,0.0006716562218915682
1.0,separated,high,2.0,uniform,shifted,noisy,0.9346125957383901,0.9358606798839956,1.0,0.9130397723065308,-0.0653874042616099,-0.06413932011600434,0.0012480841456055437,0.0040154967499899065,10,0,0,0.0024888306707264753
1.0,separated,low,0.5,type-noisy,correct,exact,1.0,1.0,1.0,0.9968211322980801,0.0,0.0,0.0,0.0,10,0,0,0.0
1.0,separated,low,0.5,type-noisy,correct,noisy,0.9990157703163616,0.9990157703163616,1.0,0.9968211322980801,-0.0009842296836383713,-0.0009842296836383713,0.0,0.0,10,0,0,0.0
1.0,separated,low,0.5,type-noisy,shifted,exact,1.0,1.0,1.0,0.9968211322980801,0.0,0.0,0.0,0.0,10,0,0,0.0
1.0,separated,low,0.5,type-noisy,shifted,noisy,0.9979042505953888,0.9979042505953888,1.0,0.9968211322980801,-0.0020957494046112022,-0.0020957494046112022,0.0,0.0,10,0,0,0.0
1.0,separated,low,0.5,uniform,correct,exact,1.0,1.0,1.0,0.9968211322980801,0.0,0.0,0.0,0.0,10,0,0,0.0
1.0,separated,low,0.5,uniform,correct,noisy,0.9979454996235247,0.9979454996235247,1.0,0.9968211322980801,-0.002054500376475199,-0.002054500376475199,0.0,0.0,10,0,0,0.0
1.0,separated,low,0.5,uniform,shifted,exact,1.0,1.0,1.0,0.9968211322980801,0.0,0.0,0.0,0.0,10,0,0,0.0
1.0,separated,low,0.5,uniform,shifted,noisy,1.0,1.0,1.0,0.9968211322980801,0.0,0.0,0.0,0.0,10,0,0,0.0
1.0,separated,low,1.0,type-noisy,correct,exact,0.9848109897001798,0.9867627539723302,1.0,0.9968211322980801,-0.015189010299820106,-0.013237246027669913,0.0019517642721501916,0.006172020555735348,10,0,0,0.003825457973414375
1.0,separated,low,1.0,type-noisy,correct,noisy,0.985294515164038,0.985294515164038,1.0,0.9968211322980801,-0.014705484835962058,-0.014705484835962058,0.0,0.0,10,0,0,0.0
1.0,separated,low,1.0,type-noisy,shifted,exact,0.9985754035646778,0.9985754035646778,1.0,0.9968211322980801,-0.0014245964353221453,-0.0014245964353221453,0.0,0.0,10,0,0,0.0
1.0,separated,low,1.0,type-noisy,shifted,noisy,0.9960780410350054,0.9960780410350054,1.0,0.9968211322980801,-0.00392195896499461,-0.00392195896499461,0.0,0.0,10,0,0,0.0
1.0,separated,low,1.0,uniform,correct,exact,1.0,1.0,1.0,0.9968211322980801,0.0,0.0,0.0,0.0,10,0,0,0.0
1.0,separated,low,1.0,uniform,correct,noisy,1.0,1.0,1.0,0.9968211322980801,0.0,0.0,0.0,0.0,10,0,0,0.0
1.0,separated,low,1.0,uniform,shifted,exact,1.0,1.0,1.0,0.9968211322980801,0.0,0.0,0.0,0.0,10,0,0,0.0
1.0,separated,low,1.0,uniform,shifted,noisy,1.0,1.0,1.0,0.9968211322980801,0.0,0.0,0.0,0.0,10,0,0,0.0
1.0,separated,low,1.5,type-noisy,correct,exact,0.9605976156031586,0.9641119335619976,1.0,0.9968211322980801,-0.03940238439684148,-0.035888066438002394,0.003514317958839086,0.006143202456868777,10,0,0,0.003807596330684536
1.0,separated,low,1.5,type-noisy,correct,noisy,0.9414201563390737,0.9429962239706065,1.0,0.9968211322980801,-0.058579843660926265,-0.05700377602939356,0.0015760676315327072,0.003378163867428877,10,0,0,0.002093807657550237
1.0,separated,low,1.5,type-noisy,shifted,exact,0.9927202380129379,0.9927202380129379,1.0,0.9968211322980801,-0.007279761987062217,-0.007279761987062217,0.0,0.0,10,0,0,0.0
1.0,separated,low,1.5,type-noisy,shifted,noisy,0.9841590993900333,0.9847426345338226,1.0,0.9968211322980801,-0.01584090060996681,-0.01525736546617743,0.0005835351437893821,0.0018453001491283059,10,0,0,0.0011437288818271886
1.0,separated,low,1.5,uniform,correct,exact,0.9528958026222005,0.9525098958352434,1.0,0.9968211322980801,-0.0471041973777994,-0.04749010416475659,-0.00038590678695717975,0.003039630211854297,10,0,0,0.001883982323967465
1.0,separated,low,1.5,uniform,correct,noisy,0.9698864332814352,0.9704923519250273,1.0,0.9968211322980801,-0.03011356671856481,-0.029507648074972713,0.0006059186435920961,0.0019160829905108116,10,0,0,0.0011876005414405081
1.0,separated,low,1.5,uniform,shifted,exact,0.9952935584617025,0.9952935584617025,1.0,0.9968211322980801,-0.004706441538297501,-0.004706441538297501,0.0,0.0,10,0,0,0.0
1.0,separated,low,1.5,uniform,shifted,noisy,0.9899111348271828,0.991934511512284,1.0,0.9968211322980801,-0.010088865172817197,-0.00806548848771611,0.002023376685101086,0.004265817533419792,10,0,0,0.0026439810997044453
1.0,separated,low,2.0,type-noisy,correct,exact,0.909111530461356,0.9134977504747092,1.0,0.9968211322980801,-0.09088846953864407,-0.0865022495252908,0.0043862200133532704,0.009096601536094796,10,0,0,0.0056381320449250035
1.0,separated,low,2.0,type-noisy,correct,noisy,0.9404833559379231,0.9409133194231233,1.0,0.9968211322980801,-0.05951664406207685,-0.05908668057687679,0.00042996348520005776,0.01006079728587528,10,0,0,0.006235746762118788
1.0,separated,low,2.0,type-noisy,shifted,exact,0.9907276433569802,0.9919683006134544,1.0,0.9968211322980801,-0.009272356643019763,-0.008031699386545642,0.0012406572564741202,0.003923302726073902,10,0,0,0.002431688222689276
1.0,separated,low,2.0,type-noisy,shifted,noisy,0.96175790637351,0.9660270530988402,1.0,0.9968211322980801,-0.03824209362648995,-0.03397294690115972,0.0042691467253302305,0.00588629361080002,10,0,0,0.003648362578178454
1.0,separated,low,2.0,uniform,correct,exact,0.942633911596858,0.9413399327450381,1.0,0.9968211322980801,-0.057366088403141904,-0.0586600672549619,-0.001293978851819999,0.010673567777319608,10,0,0,0.006615545847556128
1.0,separated,low,2.0,uniform,correct,noisy,0.9446914870377089,0.9529336668047309,1.0,0.9968211322980801,-0.055308512962291015,-0.04706633319526915,0.008242179767021861,0.006307428553591124,10,0,0,0.003909384719993355
1.0,separated,low,2.0,uniform,shifted,exact,0.9905668926607889,0.991290025689145,1.0,0.9968211322980801,-0.009433107339210989,-0.008709974310854851,0.0007231330283561377,0.0022867474209005215,10,0,0,0.00141734073557803
1.0,separated,low,2.0,uniform,shifted,noisy,0.9628260941061623,0.9657554109478281,1.0,0.9968211322980801,-0.03717390589383781,-0.034244589052171856,0.002929316841665952,0.0061785888810366885,10,0,0,0.0038295290636139443
1.0,separated,medium,0.5,type-noisy,correct,exact,0.9996251663027905,0.9996251663027905,1.0,0.9586559078537766,-0.00037483369720939794,-0.00037483369720939794,0.0,0.0,10,0,0,0.0
1.0,separated,medium,0.5,type-noisy,correct,noisy,0.9985430640146694,0.9985430640146694,1.0,0.9586559078537766,-0.001456935985330665,-0.001456935985330665,0.0,0.0,10,0,0,0.0
1.0,separated,medium,0.5,type-noisy,shifted,exact,1.0,1.0,1.0,0.9586559078537766,0.0,0.0,0.0,0.0,10,0,0,0.0
1.0,separated,medium,0.5,type-noisy,shifted,noisy,1.0,1.0,1.0,0.9586559078537766,0.0,0.0,0.0,0.0,10,0,0,0.0
1.0,separated,medium,0.5,uniform,correct,exact,1.0,1.0,1.0,0.9586559078537766,0.0,0.0,0.0,0.0,10,0,0,0.0
1.0,separated,medium,0.5,uniform,correct,noisy,0.9969941433309186,0.9969941433309186,1.0,0.9586559078537766,-0.0030058566690813414,-0.0030058566690813414,0.0,0.0,10,0,0,0.0
1.0,separated,medium,0.5,uniform,shifted,exact,1.0,1.0,1.0,0.9586559078537766,0.0,0.0,0.0,0.0,10,0,0,0.0
1.0,separated,medium,0.5,uniform,shifted,noisy,1.0,1.0,1.0,0.9586559078537766,0.0,0.0,0.0,0.0,10,0,0,0.0
1.0,separated,medium,1.0,type-noisy,correct,exact,0.9898400784085488,0.9912752840901774,1.0,0.9586559078537766,-0.010159921591451149,-0.008724715909822678,0.0014352056816284708,0.0033578806427859435,10,0,0,0.00208123598466999
1.0,separated,medium,1.0,type-noisy,correct,noisy,0.9881971240336768,0.9881971240336768,1.0,0.9586559078537766,-0.011802875966323212,-0.011802875966323212,0.0,0.0,10,0,0,0.0
1.0,separated,medium,1.0,type-noisy,shifted,exact,0.9944630343749973,0.9944630343749973,1.0,0.9586559078537766,-0.005536965625002821,-0.005536965625002821,0.0,0.0,10,0,0,0.0
1.0,separated,medium,1.0,type-noisy,shifted,noisy,0.9988496789336819,0.9988496789336819,1.0,0.9586559078537766,-0.001150321066318083,-0.001150321066318083,0.0,0.0,10,0,0,0.0
1.0,separated,medium,1.0,uniform,correct,exact,1.0,1.0,1.0,0.9586559078537766,0.0,0.0,0.0,0.0,10,0,0,0.0
1.0,separated,medium,1.0,uniform,correct,noisy,1.0,1.0,1.0,0.9586559078537766,0.0,0.0,0.0,0.0,10,0,0,0.0
1.0,separated,medium,1.0,uniform,shifted,exact,1.0,1.0,1.0,0.9586559078537766,0.0,0.0,0.0,0.0,10,0,0,0.0
1.0,separated,medium,1.0,uniform,shifted,noisy,1.0,1.0,1.0,0.9586559078537766,0.0,0.0,0.0,0.0,10,0,0,0.0
1.0,separated,medium,1.5,type-noisy,correct,exact,0.9601237813793346,0.9643625846408599,1.0,0.9586559078537766,-0.039876218620665385,-0.0356374153591401,0.004238803261525282,0.005758706368370887,10,0,0,0.003569283186033052
1.0,separated,medium,1.5,type-noisy,correct,noisy,0.9293012667743534,0.9337056357456561,1.0,0.9586559078537766,-0.07069873322564654,-0.0662943642543439,0.00440436897130263,0.004393029251103953,10,0,0,0.002722827739201522
1.0,separated,medium,1.5,type-noisy,shifted,exact,0.9807601474549322,0.9807601474549322,1.0,0.9586559078537766,-0.01923985254506778,-0.01923985254506778,0.0,0.0,10,0,0,0.0
1.0,separated,medium,1.5,type-noisy,shifted,noisy,0.9765122812764133,0.9765122812764133,1.0,0.9586559078537766,-0.023487718723586702,-0.023487718723586702,0.0,0.0,10,0,0,0.0
1.0,separated,medium,1.5,uniform,correct,exact,0.9635231336308063,0.9646979016574019,1.0,0.9586559078537766,-0.03647686636919364,-0.03530209834259823,0.0011747680265954074,0.0025373546761174614,10,0,0,0.001572668721609164
1.0,separated,medium,1.5,uniform,correct,noisy,0.95058267336536,0.9526946889504355,1.0,0.9586559078537766,-0.04941732663464006,-0.04730531104956441,0.002112015585075644,0.00576847343268624,10,0,0,0.003575336875213866
1.0,separated,medium,1.5,uniform,shifted,exact,0.9832001993670942,0.9832711238484448,1.0,0.9586559078537766,-0.016799800632905638,-0.016728876151555126,7.092448135050943e-05,0.00022428290293374483,10,0,0,0.00013901198344699848
1.0,separated,medium,1.5,uniform,shifted,noisy,0.9816449041059412,0.9816449041059412,1.0,0.9586559078537766,-0.01835509589405875,-0.01835509589405875,0.0,0.0,10,0,0,0.0
1.0,separated,medium,2.0,type-noisy,correct,exact,0.9267625987959154,0.9290844187736296,1.0,0.9586559078537766,-0.0732374012040847,-0.07091558122637048,0.0023218199777142235,0.010093125152125387,10,0,0,0.006255783781210538
1.0,separated,medium,2.0,type-noisy,correct,noisy,0.9035118650195335,0.9126632273389597,1.0,0.9586559078537766,-0.09648813498046654,-0.08733677266104047,0.009151362319426082,0.016707010301210808,10,0,0,0.010355112266969497
1.0,separated,medium,2.0,type-noisy,shifted,exact,0.9577653375335871,0.9599182235621362,1.0,0.9586559078537766,-0.04223466246641287,-0.040081776437863904,0.0021528860285489728,0.008427492542613328,10,0,0,0.005223413994153381
1.0,separated,medium,2.0,type-noisy,shifted,noisy,0.9432940393680538,0.9521648595842187,1.0,0.9586559078537766,-0.056705960631946294,-0.04783514041578139,0.00887082021616491,0.016045539116852803,10,0,0,0.009945128179337969
1.0,separated,medium,2.0,uniform,correct,exact,0.9498545988723958,0.9508587773686573,1.0,0.9586559078537766,-0.0501454011276042,-0.04914122263134265,0.001004178496261543,0.007314947071067396,10,0,0,0.0045338511667975066
1.0,separated,medium,2.0,uniform,correct,noisy,0.921253579611401,0.9194392827201261,1.0,0.9586559078537766,-0.078746420388599,-0.08056071727987398,-0.0018142968912749692,0.009083311198249936,10,0,0,0.005629894608186277
1.0,separated,medium,2.0,uniform,shifted,exact,0.9629751057755891,0.9646934608701588,1.0,0.9586559078537766,-0.037024894224410895,-0.03530653912984115,0.0017183550945697457,0.004035296171756029,10,0,0,0.0025011024794769866
1.0,separated,medium,2.0,uniform,shifted,noisy,0.9483379059354238,0.9488578580378897,1.0,0.9586559078537766,-0.05166209406457618,-0.0511421419621102,0.0005199521024659814,0.0033291766486962695,10,0,0,0.0020634450648135834
1.2,mixed,high,0.5,type-noisy,correct,exact,0.9309335419329612,0.9309335419329612,0.8775711633947928,0.7500495845292083,0.0533623785381683,0.0533623785381683,0.0,0.0,10,0,0,0.0
1.2,mixed,high,0.5,type-noisy,correct,noisy,0.9099800161855576,0.9099800161855576,0.8775711633947928,0.7500495845292083,0.03240885279076474,0.03240885279076474,0.0,0.0,10,0,0,0.0
1.2,mixed,high,0.5,type-noisy,shifted,exact,0.8861833019444576,0.8861833019444576,0.8775711633947928,0.7500495845292083,0.008612138549664828,0.008612138549664828,0.0,0.0,10,0,0,0.0
1.2,mixed,high,0.5,type-noisy,shifted,noisy,0.8861655173935443,0.8861655173935443,0.8775711633947928,0.7500495845292083,0.008594353998751424,0.008594353998751424,0.0,0.0,10,0,0,0.0
1.2,mixed,high,0.5,uniform,correct,exact,0.8790761952744767,0.8790761952744767,0.8775711633947928,0.7500495845292083,0.0015050318796837824,0.0015050318796837824,0.0,0.0,10,0,0,0.0
1.2,mixed,high,0.5,uniform,correct,noisy,0.8819732383457832,0.8819732383457832,0.8775711633947928,0.7500495845292083,0.00440207495099032,0.00440207495099032,0.0,0.0,10,0,0,0.0
1.2,mixed,high,0.5,uniform,shifted,exact,0.8788890033268526,0.8788890033268526,0.8775711633947928,0.7500495845292083,0.0013178399320597166,0.0013178399320597166,0.0,0.0,10,0,0,0.0
1.2,mixed,high,0.5,uniform,shifted,noisy,0.8802114105604538,0.8802114105604538,0.8775711633947928,0.7500495845292083,0.002640247165661025,0.002640247165661025,0.0,0.0,10,0,0,0.0
1.2,mixed,high,1.0,type-noisy,correct,exact,0.9491848383571366,0.9505643504490843,0.8775711633947928,0.7500495845292083,0.07161367496234378,0.0729931870542915,0.0013795120919477323,0.004206829803803058,10,0,0,0.002607420126104599
1.2,mixed,high,1.0,type-noisy,correct,noisy,0.9507724811737488,0.9507724811737488,0.8775711633947928,0.7500495845292083,0.07320131777895586,0.07320131777895586,0.0,0.0,10,0,0,0.0
1.2,mixed,high,1.0,type-noisy,shifted,exact,0.9438172031884784,0.9394929702943207,0.8775711633947928,0.7500495845292083,0.06624603979368555,0.0619218068995279,-0.004324232894157653,0.013151483968571676,10,0,0,0.00815137421456785
1.2,mixed,high,1.0,type-noisy,shifted,noisy,0.9231569468536941,0.9195601316900671,0.8775711633947928,0.7500495845292083,0.045585783458901206,0.041988968295274307,-0.0035968151636268987,0.015571055501459437,10,0,0,0.009651040187671394
1.2,mixed,high,1.0,uniform,correct,exact,0.947288589699119,0.947288589699119,0.8775711633947928,0.7500495845292083,0.06971742630432626,0.06971742630432626,0.0,0.0,10,0,0,0.0
1.2,mixed,high,1.0,uniform,correct,noisy,0.9492026668381242,0.9492026668381242,0.8775711633947928,0.7500495845292083,0.07163150344333132,0.07163150344333132,0.0,0.0,10,0,0,0.0
1.2,mixed,high,1.0,uniform,shifted,exact,0.9385097999535528,0.9304382435687361,0.8775711633947928,0.7500495845292083,0.060938636558759876,0.052867080173943246,-0.008071556384816625,0.01014532618156978,10,0,0,0.006288138314463497
1.2,mixed,high,1.0,uniform,shifted,noisy,0.9312331045007329,0.9266632796278838,0.8775711633947928,0.7500495845292083,0.05366194110594012,0.049092116233090996,-0.004569824872849126,0.017049057174489138,10,0,0,0.010567115115444803
1.2,mixed,high,1.5,type-noisy,correct,exact,0.9531813621019077,0.9532289649690858,0.8775711633947928,0.7500495845292083,0.07561019870711484,0.07565780157429294,4.760286717809814e-05,0.00243144631338044,10,0,0,0.001507026038305539
1.2,mixed,high,1.5,type-noisy,correct,noisy,0.9222459192380581,0.9233658048393252,0.8775711633947928,0.7500495845292083,0.044674755843265315,0.045794641444532436,0.0011198856012671233,0.003395431597468041,10,0,0,0.0021045103075113918
1.2,mixed,high,1.5,type-noisy,shifted,exact,0.9337887598961816,0.9439163877692879,0.8775711633947928,0.7500495845292083,0.0562175965013887,0.0663452243744951,0.010127627873106393,0.0071640735111733415,10,0,0,0.004440338765556749
1.2,mixed,high,1.5,type-noisy,shifted,noisy,0.9506767645648966,0.947148804337715,0.8775711633947928,0.7500495845292083,0.07310560117010369,0.06957764094292221,-0.003527960227181481,0.029334006054045122,10,0,0,0.01818140531747837
1.2,mixed,high,1.5,uniform,correct,exact,0.9501219869698806,0.9495515757188929,0.8775711633947928,0.7500495845292083,0.07255082357508777,0.07198041232410005,-0.0005704112509877124,0.0010579742691794963,10,0,0,0.0006557392457060207
1.2,mixed,high,1.5,uniform,correct,noisy,0.9347026077391691,0.9359476350216497,0.8775711633947928,0.7500495845292083,0.05713144434437615,0.05837647162685683,0.0012450272824806818,0.003743954191172435,10,0,0,0.0023205268490899193
1.2,mixed,high,1.5,uniform,shifted,exact,0.9468270301800704,0.9558764587254933,0.8775711633947928,0.7500495845292083,0.06925586678527752,0.07830529533070033,0.009049428545422811,0.004815276568952007,10,0,0,0.0029845393382197183
1.2,mixed,high,1.5,uniform,shifted,noisy,0.9453770734285303,0.954672624392928,0.8775711633947928,0.7500495845292083,0.06780591003373747,0.07710146099813511,0.009295550964397636,0.004818119193021587,10,0,0,0.0029863012148716494
1.2,mixed,high,2.0,type-noisy,correct,exact,0.8991183154227501,0.8958380387722122,0.8775711633947928,0.7500495845292083,0.021547152027957338,0.0182668753774194,-0.003280276650537939,0.007250915061421575,10,0,0,0.004494163716044329
1.2,mixed,high,2.0,type-noisy,correct,noisy,0.895571720191651,0.8959848985457715,0.8775711633947928,0.7500495845292083,0.018000556796858226,0.01841373515097856,0.00041317835412033597,0.007828073292238814,10,0,0,0.004851890093664678
1.2,mixed,high,2.0,type-noisy,shifted,exact,0.9036062854271432,0.90771479458766,0.8775711633947928,0.7500495845292083,0.026035122032350255,0.03014363119286718,0.004108509160516927,0.006994541411238867,10,0,0,0.004335261681385122
1.2,mixed,high,2.0,type-noisy,shifted,noisy,0.9083108562993395,0.915684012733742,0.8775711633947928,0.7500495845292083,0.03073969290454659,0.03811284933894908,0.0073731564344024945,0.008370405370098198,10,0,0,0.005188030998049332
1.2,mixed,high,2.0,uniform,correct,exact,0.904299674774651,0.8986159734099219,0.8775711633947928,0.7500495845292083,0.026728511379858166,0.021044810015129145,-0.0056837013647290215,0.0049374303503378,10,0,0,0.0030602510363200697
1.2,mixed,high,2.0,uniform,correct,noisy,0.8975839076276735,0.899693147905871,0.8775711633947928,0.7500495845292083,0.020012744232880575,0.022121984511078142,0.002109240278197566,0.002864619258336996,10,0,0,0.0017755094111633297
1.2,mixed,high,2.0,uniform,shifted,exact,0.9033108664093552,0.9123740991773742,0.8775711633947928,0.7500495845292083,0.02573970301456231,0.03480293578258135,0.009063232768019036,0.00690770438058952,10,0,0,0.004281439532173956
1.2,mixed,high,2.0,uniform,shifted,noisy,0.9065200978492568,0.917089382628285,0.8775711633947928,0.7500495845292083,0.028948934454463993,0.03951821923349215,0.010569284779028154,0.00812665490064407,10,0,0,0.005036952891864106
1.2,mixed,low,0.5,type-noisy,correct,exact,0.9598775936219122,0.9598775936219122,0.956835674568039,0.9474607001933284,0.0030419190538731435,0.0030419190538731435,0.0,0.0,10,0,0,0.0
1.2,mixed,low,0.5,type-noisy,correct,noisy,0.9547741097100669,0.9547741097100669,0.956835674568039,0.9474607001933284,-0.0020615648579721422,-0.0020615648579721422,0.0,0.0,10,0,0,0.0
1.2,mixed,low,0.5,type-noisy,shifted,exact,0.9588386512907091,0.9588386512907091,0.956835674568039,0.9474607001933284,0.0020029767226700025,0.0020029767226700025,0.0,0.0,10,0,0,0.0
1.2,mixed,low,0.5,type-noisy,shifted,noisy,0.9584732530601551,0.9584732530601551,0.956835674568039,0.9474607001933284,0.001637578492116143,0.001637578492116143,0.0,0.0,10,0,0,0.0
1.2,mixed,low,0.5,uniform,correct,exact,0.9575735227803601,0.9575735227803601,0.956835674568039,0.9474607001933284,0.0007378482123211016,0.0007378482123211016,0.0,0.0,10,0,0,0.0
1.2,mixed,low,0.5,uniform,correct,noisy,0.9556366721834386,0.9556366721834386,0.956835674568039,0.9474607001933284,-0.0011990023846003227,-0.0011990023846003227,0.0,0.0,10,0,0,0.0
1.2,mixed,low,0.5,uniform,shifted,exact,0.9569282632564203,0.9569282632564203,0.956835674568039,0.9474607001933284,9.258868838126765e-05,9.258868838126765e-05,0.0,0.0,10,0,0,0.0
1.2,mixed,low,0.5,uniform,shifted,noisy,0.9572192384875798,0.9572192384875798,0.956835674568039,0.9474607001933284,0.0003835639195408413,0.0003835639195408413,0.0,0.0,10,0,0,0.0
1.2,mixed,low,1.0,type-noisy,correct,exact,0.9674223663040002,0.9670351270087686,0.956835674568039,0.9474607001933284,0.010586691735961362,0.010199452440729551,-0.00038723929523181154,0.0023609096579669383,10,0,0,0.0014633069663366651
1.2,mixed,low,1.0,type-noisy,correct,noisy,0.9647512288759635,0.9643710457720965,0.956835674568039,0.9474607001933284,0.007915554307924533,0.007535371204057495,-0.0003801831038670378,0.0018642113241165703,10,0,0,0.0011554501495210018
1.2,mixed,low,1.0,type-noisy,shifted,exact,0.9624069876714799,0.9645202661413327,0.956835674568039,0.9474607001933284,0.005571313103440856,0.00768459157329372,0.0021132784698528638,0.00797629403201949,10,0,0,0.004943758259964361
1.2,mixed,low,1.0,type-noisy,shifted,noisy,0.956381236619165,0.9573934127981925,0.956835674568039,0.9474607001933284,-0.000454437948873998,0.0005577382301534594,0.0010121761790274574,0.0035923288717768904,10,0,0,0.002226548502482796
1.2,mixed,low,1.0,uniform,correct,exact,0.9689819546122773,0.9689947412084103,0.956835674568039,0.9474607001933284,0.01214628004423839,0.012159066640371353,1.278659613296318e-05,4.0434767300864854e-05,10,0,0,2.506172842060783e-05
1.2,mixed,low,1.0,uniform,correct,noisy,0.9625432128422847,0.9625432128422847,0.956835674568039,0.9474607001933284,0.005707538274245827,0.005707538274245827,0.0,0.0,10,0,0,0.0
1.2,mixed,low,1.0,uniform,shifted,exact,0.961815957671659,0.9621515605494263,0.956835674568039,0.9474607001933284,0.004980283103619865,0.0053158859813873475,0.00033560287776748245,0.0026433903669228413,10,0,0,0.0016383903236671816
1.2,mixed,low,1.0,uniform,shifted,noisy,0.9619843810094959,0.9620694008651658,0.956835674568039,0.9474607001933284,0.005148706441456996,0.005233726297126817,8.501985566982118e-05,0.0026037942941094707,10,0,0,0.0016138484234755094
1.2,mixed,low,1.5,type-noisy,correct,exact,0.9551716254628472,0.9610336517207324,0.956835674568039,0.9474607001933284,-0.0016640491051917784,0.0041979771526934,0.005862026257885178,0.013353340455820834,10,0,0,0.008276486161564714
1.2,mixed,low,1.5,type-noisy,correct,noisy,0.9525652539811338,0.9568666910391027,0.956835674568039,0.9474607001933284,-0.0042704205869051656,3.101647106373839e-05,0.004301437057968904,0.00983282051914198,10,0,0,0.006094445298169073
1.2,mixed,low,1.5,type-noisy,shifted,exact,0.9384659485578796,0.963328690962611,0.956835674568039,0.9474607001933284,-0.01836972601015937,0.006493016394571982,0.024862742404731353,0.016715507416911454,10,0,0,0.010360378833844077
1.2,mixed,low,1.5,type-noisy,shifted,noisy,0.9634117866344816,0.9652200793165834,0.956835674568039,0.9474607001933284,0.006576112066442652,0.008384404748544438,0.0018082926821017865,0.008870943927252312,10,0,0,0.005498268009928242
1.2,mixed,low,1.5,uniform,correct,exact,0.9656771183049038,0.9699519097763563,0.956835674568039,0.9474607001933284,0.00884144373686475,0.013116235208317206,0.004274791471452455,0.004727057087852338,10,0,0,0.0029298603373421844
1.2,mixed,low,1.5,uniform,correct,noisy,0.9620598983089721,0.9661029384317154,0.956835674568039,0.9474607001933284,0.005224223740933021,0.009267263863676333,0.004043040122743313,0.007324005192015942,10,0,0,0.004539465448327169
1.2,mixed,low,1.5,uniform,shifted,exact,0.94858939653926,0.9666268004941377,0.956835674568039,0.9474607001933284,-0.008246278028778965,0.00979112592609871,0.018037403954877674,0.012863046002749755,10,0,0,0.007972598511177889
1.2,mixed,low,1.5,uniform,shifted,noisy,0.9633809864274638,0.963457165255108,0.956835674568039,0.9474607001933284,0.0065453118594249295,0.006621490687069109,7.617882764417993e-05,0.004875009578906102,10,0,0,0.0030215622413583988
1.2,mixed,low,2.0,type-noisy,correct,exact,0.9110955603845362,0.9157109614133552,0.956835674568039,0.9474607001933284,-0.04574011418350278,-0.04112471315468391,0.0046154010288188664,0.016210960477658548,10,0,0,0.01004765740100094
1.2,mixed,low,2.0,type-noisy,correct,noisy,0.9411368720739967,0.9441225692099149,0.956835674568039,0.9474607001933284,-0.01569880249404231,-0.012713105358124154,0.002985697135918153,0.005696278966903228,10,0,0,0.0035305902817325185
1.2,mixed,low,2.0,type-noisy,shifted,exact,0.9080595815722411,0.9432549275003257,0.956835674568039,0.9474607001933284,-0.04877609299579785,-0.013580747067713205,0.03519534592808464,0.022877101404043105,10,0,0,0.014179374353084785
1.2,mixed,low,2.0,type-noisy,shifted,noisy,0.9469313828657328,0.9525681521013576,0.956835674568039,0.9474607001933284,-0.0099042917023062,-0.004267522466681428,0.005636769235624772,0.01260958898601476,10,0,0,0.007815504224658425
1.2,mixed,low,2.0,uniform,correct,exact,0.9149702906060304,0.9167477612094522,0.956835674568039,0.9474607001933284,-0.0418653839620086,-0.0400879133585868,0.0017774706034217936,0.010848540843797324,10,0,0,0.006723995277729841
1.2,mixed,low,2.0,uniform,correct,noisy,0.938449884801949,0.938649992158185,0.956835674568039,0.9474607001933284,-0.01838578976609003,-0.018185682409854055,0.00020010735623597896,0.006525095139941925,10,0,0,0.004044295867936276
1.2,mixed,low,2.0,uniform,shifted,exact,0.9007862525436995,0.9542940905978676,0.956835674568039,0.9474607001933284,-0.05604942202433959,-0.0025415839701712906,0.0535078380541683,0.016671059633787545,10,0,0,0.010332829812447195
1.2,mixed,low,2.0,uniform,shifted,noisy,0.9479471976834672,0.9633594179787502,0.956835674568039,0.9474607001933284,-0.00888847688457175,0.006523743410711225,0.015412220295282974,0.01974481531865665,10,0,0,0.012237963323722309
1.2,mixed,medium,0.5,type-noisy,correct,exact,0.9263029493966775,0.9263029493966775,0.9134012011977852,0.8261662010784869,0.012901748198892237,0.012901748198892237,0.0,0.0,10,0,0,0.0
1.2,mixed,medium,0.5,type-noisy,correct,noisy,0.9207370263143237,0.9207370263143237,0.9134012011977852,0.8261662010784869,0.007335825116538608,0.007335825116538608,0.0,0.0,10,0,0,0.0
1.2,mixed,medium,0.5,type-noisy,shifted,exact,0.9181942299665998,0.9181942299665998,0.9134012011977852,0.8261662010784869,0.004793028768814589,0.004793028768814589,0.0,0.0,10,0,0,0.0
1.2,mixed,medium,0.5,type-noisy,shifted,noisy,0.9160288700629773,0.9160288700629773,0.9134012011977852,0.8261662010784869,0.002627668865192023,0.002627668865192023,0.0,0.0,10,0,0,0.0
1.2,mixed,medium,0.5,uniform,correct,exact,0.9161488294718335,0.9161488294718335,0.9134012011977852,0.8261662010784869,0.0027476282740483303,0.0027476282740483303,0.0,0.0,10,0,0,0.0
1.2,mixed,medium,0.5,uniform,correct,noisy,0.916492824846908,0.916492824846908,0.9134012011977852,0.8261662010784869,0.0030916236491227767,0.0030916236491227767,0.0,0.0,10,0,0,0.0
1.2,mixed,medium,0.5,uniform,shifted,exact,0.9140962877846455,0.9140962877846455,0.9134012011977852,0.8261662010784869,0.000695086586860394,0.000695086586860394,0.0,0.0,10,0,0,0.0
1.2,mixed,medium,0.5,uniform,shifted,noisy,0.9152384396814419,0.9152384396814419,0.9134012011977852,0.8261662010784869,0.001837238483656689,0.001837238483656689,0.0,0.0,10,0,0,0.0
1.2,mixed,medium,1.0,type-noisy,correct,exact,0.9505457858040547,0.9514570291409173,0.9134012011977852,0.8261662010784869,0.037144584606269605,0.03805582794313224,0.0009112433368626327,0.0028816044471379923,10,0,0,0.0017860369402507598
1.2,mixed,medium,1.0,type-noisy,correct,noisy,0.9470716491841349,0.9454129502302709,0.9134012011977852,0.8261662010784869,0.03367044798634981,0.032011749032485756,-0.0016586989538640462,0.006260809358066184,10,0,0,0.0038804898432468217
1.2,mixed,medium,1.0,type-noisy,shifted,exact,0.9450762943880996,0.9462727815533654,0.9134012011977852,0.8261662010784869,0.03167509319031436,0.0328715803555802,0.001196487165265836,0.01225994386849074,10,0,0,0.007598791935608327
1.2,mixed,medium,1.0,type-noisy,shifted,noisy,0.9357102737993721,0.9361429873607288,0.9134012011977852,0.8261662010784869,0.022309072601586856,0.022741786162943534,0.00043271356135667907,0.012068464933067647,10,0,0,0.007480112061871598
1.2,mixed,medium,1.0,uniform,correct,exact,0.9420236866765741,0.9420236866765741,0.9134012011977852,0.8261662010784869,0.028622485478788862,0.028622485478788862,0.0,0.0,10,0,0,0.0
1.2,mixed,medium,1.0,uniform,correct,noisy,0.9442407004783264,0.9441207910114116,0.9134012011977852,0.8261662010784869,0.03083949928054136,0.03071958981362638,-0.00011990946691498028,0.00037918702846794156,10,0,0,0.00023502255515336134
1.2,mixed,medium,1.0,uniform,shifted,exact,0.9365070416297645,0.9409039901284875,0.9134012011977852,0.8261662010784869,0.02310584043197935,0.027502788930702248,0.004396948498722897,0.008966876675210069,10,0,0,0.0055577277431343355
1.2,mixed,medium,1.0,uniform,shifted,noisy,0.9361393210706297,0.9357980012279675,0.9134012011977852,0.8261662010784869,0.022738119872844485,0.02239680003018235,-0.0003413198426621356,0.007280107136576948,10,0,0,0.004512257151679415
1.2,mixed,medium,1.5,type-noisy,correct,exact,0.9459582706049396,0.945258468401021,0.9134012011977852,0.8261662010784869,0.03255706940715436,0.03185726720323591,-0.0006998022039184538,0.007501672114822717,10,0,0,0.004649584547951943
1.2,mixed,medium,1.5,type-noisy,correct,noisy,0.9145159925456119,0.9189208350642598,0.9134012011977852,0.8261662010784869,0.0011147913478266492,0.00551963386647476,0.004404842518648111,0.0045910646139931425,10,0,0,0.002845571328783135
1.2,mixed,medium,1.5,type-noisy,shifted,exact,0.9216196451180885,0.9501881244070816,0.9134012011977852,0.8261662010784869,0.008218443920303265,0.036786923209296364,0.028568479288993098,0.0086964880188451,10,0,0,0.0053901391176475015
1.2,mixed,medium,1.5,type-noisy,shifted,noisy,0.9395411339548116,0.9526173137862932,0.9134012011977852,0.8261662010784869,0.026139932757026606,0.03921611258850806,0.01307617983148145,0.021545735480128395,10,0,0,0.01335418520421862
1.2,mixed,medium,1.5,uniform,correct,exact,0.9394518507391412,0.941362370133251,0.9134012011977852,0.8261662010784869,0.026050649541355986,0.02796116893546575,0.0019105193941097664,0.005159248451464031,10,0,0,0.00319773531977931
1.2,mixed,medium,1.5,uniform,correct,noisy,0.9268418495670178,0.9321297099462029,0.9134012011977852,0.8261662010784869,0.01344064836923251,0.01872850874841774,0.005287860379185228,0.006229337454911586,10,0,0,0.0038609833555781434
1.2,mixed,medium,1.5,uniform,shifted,exact,0.9387884311088314,0.960800010604555,0.9134012011977852,0.8261662010784869,0.025387229911046173,0.04739880940676985,0.022011579495723677,0.013973501673764715,10,0,0,0.008660866066745236
1.2,mixed,medium,1.5,uniform,shifted,noisy,0.9403308597776242,0.9628545512757898,0.9134012011977852,0.8261662010784869,0.026929658579838957,0.04945335007800451,0.022523691498165556,0.008818974759057406,10,0,0,0.005466057185766585
1.2,mixed,medium,2.0,type-noisy,correct,exact,0.8799906651288918,0.8737816130186603,0.9134012011977852,0.8261662010784869,-0.03341053606889335,-0.0396195881791249,-0.00620905211023155,0.014346937270975408,10,0,0,0.008892323847873154
1.2,mixed,medium,2.0,type-noisy,correct,noisy,0.8770802464909713,0.8786658251837464,0.9134012011977852,0.8261662010784869,-0.036320954706813936,-0.034735376014038734,0.0015855786927752025,0.01071942487568675,10,0,0,0.006643968371590534
1.2,mixed,medium,2.0,type-noisy,shifted,exact,0.88641637836777,0.9195382400433509,0.9134012011977852,0.8261662010784869,-0.026984822830015076,0.006137038845565768,0.033121861675580844,0.012237175526233445,10,0,0,0.007584679970872781
1.2,mixed,medium,2.0,type-noisy,shifted,noisy,0.8897759443995554,0.9124690323504312,0.9134012011977852,0.8261662010784869,-0.023625256798229844,-0.0009321688473538537,0.02269308795087599,0.023249609362002946,10,0,0,0.01441025717744829
1.2,mixed,medium,2.0,uniform,correct,exact,0.8830877917959837,0.8782754422733481,0.9134012011977852,0.8261662010784869,-0.03031340940180144,-0.03512575892443702,-0.004812349522635584,0.010200998412429363,10,0,0,0.006322644320643541
1.2,mixed,medium,2.0,uniform,correct,noisy,0.879305034577591,0.8817062919610367,0.9134012011977852,0.8261662010784869,-0.03409616662019421,-0.03169490923674846,0.002401257383445754,0.007728596887887801,10,0,0,0.004790233979470833
1.2,mixed,medium,2.0,uniform,shifted,exact,0.8823206234042074,0.9282386299458389,0.9134012011977852,0.8261662010784869,-0.031080577793577722,0.014837428748053804,0.04591800654163153,0.01511426846156471,10,0,0,0.009367920647135541
1.2,mixed,medium,2.0,uniform,shifted,noisy,0.8925781255749967,0.9282778661652686,0.9134012011977852,0.8261662010784869,-0.020823075622788477,0.014876664967483577,0.035699740590272054,0.011224783051968671,10,0,0,0.006957192614353524
1.2,reverse,high,0.5,type-noisy,correct,exact,0.9803465869060846,0.9803465869060846,0.9771408478723208,0.9769110368966343,0.0032057390337637214,0.0032057390337637214,0.0,0.0,10,0,0,0.0
1.2,reverse,high,0.5,type-noisy,correct,noisy,0.9771533145952258,0.9771533145952258,0.9771408478723208,0.9769110368966343,1.2466722904957984e-05,1.2466722904957984e-05,0.0,0.0,10,0,0,0.0
1.2,reverse,high,0.5,type-noisy,shifted,exact,0.9735527887038364,0.9735510426542536,0.9771408478723208,0.9769110368966343,-0.003588059168484392,-0.003589805218067221,-1.7460495828292012e-06,5.5214935893271e-06,10,0,0,3.4222571823452334e-06
1.2,reverse,high,0.5,type-noisy,shifted,noisy,0.9738944310223554,0.9738570324538138,0.9771408478723208,0.9769110368966343,-0.0032464168499654277,-0.003283815418506986,-3.739856854155788e-05,0.0001182646578212444,10,0,0,7.330119434145343e-05
1.2,reverse,high,0.5,uniform,correct,exact,0.9781615858963038,0.9781615858963038,0.9771408478723208,0.9769110368966343,0.0010207380239829812,0.0010207380239829812,0.0,0.0,10,0,0,0.0
1.2,reverse,high,0.5,uniform,correct,noisy,0.9768415715491685,0.9768415715491685,0.9771408478723208,0.9769110368966343,-0.0002992763231522977,-0.0002992763231522977,0.0,0.0,10,0,0,0.0
1.2,reverse,high,0.5,uniform,shifted,exact,0.9753227544070191,0.9753227544070191,0.9771408478723208,0.9769110368966343,-0.0018180934653017956,-0.0018180934653017956,0.0,0.0,10,0,0,0.0
1.2,reverse,high,0.5,uniform,shifted,noisy,0.9757798417646129,0.9757798417646129,0.9771408478723208,0.9769110368966343,-0.001361006107707985,-0.001361006107707985,0.0,0.0,10,0,0,0.0
1.2,reverse,high,1.0,type-noisy,correct,exact,0.9827938873516538,0.9824952898445194,0.9771408478723208,0.9769110368966343,0.005653039479333,0.005354441972198564,-0.00029859750713443487,0.00063129670740913,10,0,0,0.00039128175305643817
1.2,reverse,high,1.0,type-noisy,correct,noisy,0.974315102935523,0.9742948277060748,0.9771408478723208,0.9769110368966343,-0.0028257449367978583,-0.0028460201662461214,-2.0275229448263322e-05,6.411590513903116e-05,10,0,0,3.97394497185961e-05
1.2,reverse,high,1.0,type-noisy,shifted,exact,0.9607470445013682,0.9712335511854867,0.9771408478723208,0.9769110368966343,-0.016393803370952597,-0.005907296686834073,0.010486506684118524,0.019360621092588782,10,0,0,0.01199983727534333
1.2,reverse,high,1.0,type-noisy,shifted,noisy,0.9584673857071653,0.9692255668045153,0.9771408478723208,0.9769110368966343,-0.01867346216515541,-0.007915281067805601,0.010758181097349806,0.010855976917385454,10,0,0,0.006728604203889715
1.2,reverse,high,1.0,uniform,correct,exact,0.9841048589634138,0.9841048589634138,0.9771408478723208,0.9769110368966343,0.006964011091092881,0.006964011091092881,0.0,0.0,10,0,0,0.0
1.2,reverse,high,1.0,uniform,correct,noisy,0.9805391036801984,0.9805391036801984,0.9771408478723208,0.9769110368966343,0.003398255807877626,0.003398255807877626,0.0,0.0,10,0,0,0.0
1.2,reverse,high,1.0,uniform,shifted,exact,0.9771408478723208,0.97283692611283,0.9771408478723208,0.9769110368966343,0.0,-0.00430392175949088,-0.00430392175949088,0.004960169752785215,10,0,0,0.003074345063975617
1.2,reverse,high,1.0,uniform,shifted,noisy,0.9771408478723208,0.9727381469998091,0.9771408478723208,0.9769110368966343,0.0,-0.004402700872511656,-0.004402700872511656,0.004054744900486465,10,0,0,0.002513156926432041
1.2,reverse,high,1.5,type-noisy,correct,exact,0.9833681604937912,0.9827153545398504,0.9771408478723208,0.9769110368966343,0.0062273126214704155,0.005574506667529622,-0.0006528059539407938,0.0010502005871890477,10,0,0,0.0006509210676904734
1.2,reverse,high,1.5,type-noisy,correct,noisy,0.9576768390226388,0.9584994211547467,0.9771408478723208,0.9769110368966343,-0.01946400884968208,-0.018641426717573996,0.0008225821321080851,0.0027626925072827633,10,0,0,0.0017123345563481906
1.2,reverse,high,1.5,type-noisy,shifted,exact,0.9114792753439203,0.9536370308793272,0.9771408478723208,0.9769110368966343,-0.06566157252840067,-0.02350381699299372,0.042157755535406946,0.01642360221049804,10,0,0,0.010179454112470994
1.2,reverse,high,1.5,type-noisy,shifted,noisy,0.9310751965080948,0.964449386380446,0.9771408478723208,0.9769110368966343,-0.046065651364225926,-0.012691461491874834,0.03337418987235109,0.020495518166547343,10,0,0,0.012703253769402975
1.2,reverse,high,1.5,uniform,correct,exact,0.9786337317113238,0.9786932795024,0.9771408478723208,0.9769110368966343,0.001492883839003012,0.0015524316300792652,5.954779107625319e-05,0.0005395858014567025,10,0,0,0.0003344387446353538
1.2,reverse,high,1.5,uniform,correct,noisy,0.9610231869003932,0.9609304271207402,0.9771408478723208,0.9769110368966343,-0.016117660971927617,-0.016210420751580724,-9.275977965310656e-05,0.0012150002836395094,10,0,0,0.000753064977794087
1.2,reverse,high,1.5,uniform,shifted,exact,0.924995263692367,0.9642657753083765,0.9771408478723208,0.9769110368966343,-0.05214558417995387,-0.0128750725639443,0.03927051161600957,0.009375801749726425,10,0,0,0.005811182130188185
1.2,reverse,high,1.5,uniform,shifted,noisy,0.9233415276046723,0.9607462394319771,0.9771408478723208,0.9769110368966343,-0.05379932026764865,-0.016394608440343628,0.03740471182730502,0.010348081647333867,10,0,0,0.006413807454116608
1.2,reverse,high,2.0,type-noisy,correct,exact,0.9781143373473673,0.9777977732377513,0.9771408478723208,0.9769110368966343,0.0009734894750464517,0.0006569253654305606,-0.0003165641096158911,0.0008153948357085577,10,0,0,0.0005053869551428562
1.2,reverse,high,2.0,type-noisy,correct,noisy,0.9596397654327294,0.9630394285725894,0.9771408478723208,0.9769110368966343,-0.017501082439591465,-0.014101419299731433,0.003399663139860032,0.007961414126549247,10,0,0,0.004934535599004184
1.2,reverse,high,2.0,type-noisy,shifted,exact,0.8755235026516524,0.9238927961605773,0.9771408478723208,0.9769110368966343,-0.10161734522066852,-0.05324805171174344,0.04836929350892509,0.013288839116149845,10,0,0,0.008236507817048183
1.2,reverse,high,2.0,type-noisy,shifted,noisy,0.8714077869201876,0.916198831205226,0.9771408478723208,0.9769110368966343,-0.10573306095213311,-0.06094201666709478,0.04479104428503833,0.02145111987353749,10,0,0,0.013295541843689583
1.2,reverse,high,2.0,uniform,correct,exact,0.9771408478723208,0.9773249971741114,0.9771408478723208,0.9769110368966343,0.0,0.00018414930179053713,0.00018414930179053713,0.0005823312231878205,10,0,0,0.0003609326315094527
1.2,reverse,high,2.0,uniform,correct,noisy,0.9651394994441548,0.9653456557067847,0.9771408478723208,0.9769110368966343,-0.012001348428166048,-0.011795192165536261,0.00020615626262978636,0.0030709380255769165,10,0,0,0.0019033871079525207
1.2,reverse,high,2.0,uniform,shifted,exact,0.877121393032715,0.9341400028492041,0.9771408478723208,0.9769110368966343,-0.10001945483960577,-0.043000845023116706,0.05701860981648906,0.013416308343151535,10,0,0,0.008315514062473833
1.2,reverse,high,2.0,uniform,shifted,noisy,0.8715616460664848,0.9343170350186771,0.9771408478723208,0.9769110368966343,-0.10557920180583617,-0.042823812853643804,0.06275538895219236,0.013483468210394393,10,0,0,0.008357140179450858
1.2,reverse,low,0.5,type-noisy,correct,exact,0.9769116870812287,0.9769116870812287,0.976114645798442,0.9755256199616585,0.0007970412827867146,0.0007970412827867146,0.0,0.0,10,0,0,0.0
1.2,reverse,low,0.5,type-noisy,correct,noisy,0.9769126658112232,0.9769126658112232,0.976114645798442,0.9755256199616585,0.0007980200127811421,0.0007980200127811421,0.0,0.0,10,0,0,0.0
1.2,reverse,low,0.5,type-noisy,shifted,exact,0.9629944644897848,0.9629944644897848,0.976114645798442,0.9755256199616585,-0.013120181308657154,-0.013120181308657154,0.0,0.0,10,0,0,0.0
1.2,reverse,low,0.5,type-noisy,shifted,noisy,0.9680187269831914,0.9681729474097859,0.976114645798442,0.9755256199616585,-0.00809591881525068,-0.007941698388656026,0.0001542204265946534,0.00048768780976190986,10,0,0,0.0003022720361255207
1.2,reverse,low,0.5,uniform,correct,exact,0.9765373955406146,0.9765373955406146,0.976114645798442,0.9755256199616585,0.00042274974217267893,0.00042274974217267893,0.0,0.0,10,0,0,0.0
1.2,reverse,low,0.5,uniform,correct,noisy,0.9758145210638203,0.9758145210638203,0.976114645798442,0.9755256199616585,-0.0003001247346216429,-0.0003001247346216429,0.0,0.0,10,0,0,0.0
1.2,reverse,low,0.5,uniform,shifted,exact,0.9689514799582597,0.9689514799582597,0.976114645798442,0.9755256199616585,-0.0071631658401823395,-0.0071631658401823395,0.0,0.0,10,0,0,0.0
1.2,reverse,low,0.5,uniform,shifted,noisy,0.969540082938179,0.969540082938179,0.976114645798442,0.9755256199616585,-0.0065745628602630335,-0.0065745628602630335,0.0,0.0,10,0,0,0.0
1.2,reverse,low,1.0,type-noisy,correct,exact,0.9800161378538341,0.9798351153139102,0.976114645798442,0.9755256199616585,0.003901492055392175,0.00372046951546815,-0.00018102253992402506,0.0005691127586275824,10,0,0,0.0003527397422940613
1.2,reverse,low,1.0,type-noisy,correct,noisy,0.9763915333362508,0.976632191008225,0.976114645798442,0.9755256199616585,0.00027688753780880093,0.0005175452097830102,0.0002406576719742093,0.0008010094097854959,10,0,0,0.0004964707757812691
1.2,reverse,low,1.0,type-noisy,shifted,exact,0.9572826324744087,0.9616210238055206,0.976114645798442,0.9755256199616585,-0.018832013324033336,-0.014493621992921358,0.0043383913311119795,0.017873462952153543,10,0,0,0.011078087110274694
1.2,reverse,low,1.0,type-noisy,shifted,noisy,0.9638878463636784,0.9659570306151937,0.976114645798442,0.9755256199616585,-0.012226799434763524,-0.010157615183248259,0.002069184251515266,0.004472120670206688,10,0,0,0.002771849108638482
1.2,reverse,low,1.0,uniform,correct,exact,0.98114490171204,0.98114490171204,0.976114645798442,0.9755256199616585,0.005030255913598158,0.005030255913598158,0.0,0.0,10,0,0,0.0
1.2,reverse,low,1.0,uniform,correct,noisy,0.9778731155078896,0.9778731155078896,0.976114645798442,0.9755256199616585,0.001758469709447663,0.001758469709447663,0.0,0.0,10,0,0,0.0
1.2,reverse,low,1.0,uniform,shifted,exact,0.976114645798442,0.9635692899495331,0.976114645798442,0.9755256199616585,0.0,-0.012545355848908969,-0.012545355848908969,0.004442210940906635,10,0,0,0.0027533108663561827
1.2,reverse,low,1.0,uniform,shifted,noisy,0.976114645798442,0.9690197534472746,0.976114645798442,0.9755256199616585,0.0,-0.00709489235116727,-0.00709489235116727,0.007477586114048876,10,0,0,0.00463465589000664
1.2,reverse,low,1.5,type-noisy,correct,exact,0.9789462940195872,0.9776886248227372,0.976114645798442,0.9755256199616585,0.0028316482211451443,0.0015739790242952467,-0.0012576691968498976,0.002320358107254388,10,0,0,0.0014381728548075823
1.2,reverse,low,1.5,type-noisy,correct,noisy,0.9703134841871002,0.9719426714266112,0.976114645798442,0.9755256199616585,-0.005801161611341777,-0.004171974371830855,0.001629187239510921,0.0033385505447408176,10,0,0,0.0020692550657754644
1.2,reverse,low,1.5,type-noisy,shifted,exact,0.894585099047854,0.9535676589123467,0.976114645798442,0.9755256199616585,-0.08152954675058788,-0.022546986886095334,0.058982559864492544,0.025711130569636937,10,0,0,0.015935923828334895
1.2,reverse,low,1.5,type-noisy,shifted,noisy,0.9493556014679463,0.9660799494783374,0.976114645798442,0.9755256199616585,-0.02675904433049575,-0.010034696320104508,0.016724348010391243,0.02091313975248407,10,0,0,0.012962098310078888
1.2,reverse,low,1.5,uniform,correct,exact,0.9763389216799604,0.9762268448444533,0.976114645798442,0.9755256199616585,0.00022427588151852085,0.0001121990460113187,-0.00011207683550720215,0.0003544180731467916,10,0,0,0.00021967059759411622
1.2,reverse,low,1.5,uniform,correct,noisy,0.9726910712527698,0.9740223714619927,0.976114645798442,0.9755256199616585,-0.003423574545672292,-0.002092274336449251,0.001331300209223041,0.0024924641169357057,10,0,0,0.0015448452647683893
1.2,reverse,low,1.5,uniform,shifted,exact,0.9120873972470012,0.9554334621751803,0.976114645798442,0.9755256199616585,-0.06402724855144078,-0.02068118362326161,0.04334606492817916,0.009384181800594436,10,0,0,0.005816376139527779
1.2,reverse,low,1.5,uniform,shifted,noisy,0.9474965156223091,0.9688575174978388,0.976114645798442,0.9755256199616585,-0.02861813017613297,-0.007257128300603289,0.021361001875529684,0.00946861375826234,10,0,0,0.005868707609061128
1.2,reverse,low,2.0,type-noisy,correct,exact,0.9763755194082929,0.976114645798442,0.976114645798442,0.9755256199616585,0.00026087360985090904,0.0,-0.00026087360985090904,0.00043250285769917994,10,0,0,0.00026806804847277565
1.2,reverse,low,2.0,type-noisy,correct,noisy,0.9647301927007892,0.968801582923494,0.976114645798442,0.9755256199616585,-0.011384453097652725,-0.0073130628749479175,0.004071390222704807,0.00699899857249346,10,0,0,0.004338024258551903
1.2,reverse,low,2.0,type-noisy,shifted,exact,0.8553673687176669,0.9463648020117933,0.976114645798442,0.9755256199616585,-0.12074727708077501,-0.029749843786648588,0.09099743329412643,0.019849459197671303,10,0,0,0.012302822271895065
1.2,reverse,low,2.0,type-noisy,shifted,noisy,0.9077824514398234,0.9629037562813476,0.976114645798442,0.9755256199616585,-0.06833219435861854,-0.01321088951709437,0.055121304841524166,0.04042811366075092,10,0,0,0.025057604451739577
1.2,reverse,low,2.0,uniform,correct,exact,0.976114645798442,0.9764195129516032,0.976114645798442,0.9755256199616585,0.0,0.00030486715316131453,0.00030486715316131453,0.0006701179608508725,10,0,0,0.0004153434152261553
1.2,reverse,low,2.0,uniform,correct,noisy,0.9625410454038452,0.964333608244778,0.976114645798442,0.9755256199616585,-0.013573600394596763,-0.011781037553664043,0.001792562840932721,0.005401417042422039,10,0,0,0.0033478329675147786
1.2,reverse,low,2.0,uniform,shifted,exact,0.8530385671912695,0.9468605359654191,0.976114645798442,0.9755256199616585,-0.12307607860717244,-0.02925410983302289,0.09382196877414956,0.009214525661048498,10,0,0,0.0057112221748084595
1.2,reverse,low,2.0,uniform,shifted,noisy,0.9143088886241308,0.9604962540499908,0.976114645798442,0.9755256199616585,-0.06180575717431112,-0.015618391748451078,0.046187365425860036,0.031014827094883728,10,0,0,0.019223188991802607
1.2,reverse,medium,0.5,type-noisy,correct,exact,0.9755145070593503,0.9755145070593503,0.9743906122037652,0.972887718951878,0.0011238948555851724,0.0011238948555851724,0.0,0.0,10,0,0,0.0
1.2,reverse,medium,0.5,type-noisy,correct,noisy,0.9755019475377347,0.9755019475377347,0.9743906122037652,0.972887718951878,0.0011113353339695098,0.0011113353339695098,0.0,0.0,10,0,0,0.0
1.2,reverse,medium,0.5,type-noisy,shifted,exact,0.9669422759142968,0.9669422759142968,0.9743906122037652,0.972887718951878,-0.007448336289468338,-0.007448336289468338,0.0,0.0,10,0,0,0.0
1.2,reverse,medium,0.5,type-noisy,shifted,noisy,0.967018508273432,0.9669765060972726,0.9743906122037652,0.972887718951878,-0.00737210393033304,-0.007414106106492624,-4.200217615958346e-05,0.00013282254334790765,10,0,0,8.232426527278356e-05
1.2,reverse,medium,0.5,uniform,correct,exact,0.9749832360188293,0.9749832360188293,0.9743906122037652,0.972887718951878,0.0005926238150641194,0.0005926238150641194,0.0,0.0,10,0,0,0.0
1.2,reverse,medium,0.5,uniform,correct,noisy,0.9750904873915589,0.9750904873915589,0.9743906122037652,0.972887718951878,0.0006998751877938303,0.0006998751877938303,0.0,0.0,10,0,0,0.0
1.2,reverse,medium,0.5,uniform,shifted,exact,0.9703384795856428,0.9703384795856428,0.9743906122037652,0.972887718951878,-0.004052132618122406,-0.004052132618122406,0.0,0.0,10,0,0,0.0
1.2,reverse,medium,0.5,uniform,shifted,noisy,0.9707936253627569,0.9707936253627569,0.9743906122037652,0.972887718951878,-0.0035969868410082985,-0.0035969868410082985,0.0,0.0,10,0,0,0.0
1.2,reverse,medium,1.0,type-noisy,correct,exact,0.9801609854772984,0.9800641199747121,0.9743906122037652,0.972887718951878,0.00577037327353318,0.005673507770946928,-9.686550258625193e-05,0.00030631561486948685,10,0,0,0.00018985638506905378
1.2,reverse,medium,1.0,type-noisy,correct,noisy,0.9781471972579011,0.9786864681159694,0.9743906122037652,0.972887718951878,0.0037565850541359525,0.004295855912204283,0.0005392708580683303,0.0017053241872493137,10,0,0,0.0010569708818139274
1.2,reverse,medium,1.0,type-noisy,shifted,exact,0.9583237643585034,0.9650094988079843,0.9743906122037652,0.972887718951878,-0.016066847845261644,-0.009381113395780882,0.006685734449480762,0.023544099818672566,10,0,0,0.014592784253531077
1.2,reverse,medium,1.0,type-noisy,shifted,noisy,0.9617542036170376,0.9645743947759641,0.9743906122037652,0.972887718951878,-0.012636408586727599,-0.009816217427800988,0.0028201911589266103,0.019191578953942058,10,0,0,0.011895063872324085
1.2,reverse,medium,1.0,uniform,correct,exact,0.9802377868639495,0.9802377868639495,0.9743906122037652,0.972887718951878,0.005847174660184318,0.005847174660184318,0.0,0.0,10,0,0,0.0
1.2,reverse,medium,1.0,uniform,correct,noisy,0.9782464799687342,0.9782464799687342,0.9743906122037652,0.972887718951878,0.0038558677649690567,0.0038558677649690567,0.0,0.0,10,0,0,0.0
1.2,reverse,medium,1.0,uniform,shifted,exact,0.9743906122037652,0.9657070259052514,0.9743906122037652,0.972887718951878,0.0,-0.008683586298513835,-0.008683586298513835,0.00376249197165165,10,0,0,0.0023320166844693108
1.2,reverse,medium,1.0,uniform,shifted,noisy,0.9743906122037652,0.9677141624319241,0.9743906122037652,0.972887718951878,0.0,-0.006676449771841064,-0.006676449771841064,0.004173100879059454,10,0,0,0.0025865147219618317
1.2,reverse,medium,1.5,type-noisy,correct,exact,0.9795636596661259,0.9789690009408991,0.9743906122037652,0.972887718951878,0.005173047462360703,0.004578388737133921,-0.0005946587252267821,0.0008648297398836999,10,0,0,0.0005360270261915571
1.2,reverse,medium,1.5,type-noisy,correct,noisy,0.9544332120437545,0.9573204435510047,0.9743906122037652,0.972887718951878,-0.019957400160010706,-0.017070168652760585,0.002887231507250121,0.0038508035226574693,10,0,0,0.002386752750865893
1.2,reverse,medium,1.5,type-noisy,shifted,exact,0.872835077499091,0.9600406712776014,0.9743906122037652,0.972887718951878,-0.10155553470467424,-0.01434994092616374,0.0872055937785105,0.030006410358798027,10,0,0,0.018598165823336517
1.2,reverse,medium,1.5,type-noisy,shifted,noisy,0.9048560830596767,0.9614204705974437,0.9743906122037652,0.972887718951878,-0.06953452914408839,-0.012970141606321484,0.056564387537766915,0.032128480500621885,10,0,0,0.019913438523885305
1.2,reverse,medium,1.5,uniform,correct,exact,0.9748471618947452,0.9748471618947452,0.9743906122037652,0.972887718951878,0.00045654969097997934,0.00045654969097997934,0.0,0.0,10,0,0,0.0
1.2,reverse,medium,1.5,uniform,correct,noisy,0.9642153893963747,0.9649805169884692,0.9743906122037652,0.972887718951878,-0.01017522280739035,-0.00941009521529601,0.000765127592094339,0.0030632981113670956,10,0,0,0.001898651840066382
1.2,reverse,medium,1.5,uniform,shifted,exact,0.8837654439335123,0.960219612525133,0.9743906122037652,0.972887718951878,-0.09062516827025273,-0.014170999678632012,0.07645416859162071,0.011651132623760269,10,0,0,0.007221446816708114
1.2,reverse,medium,1.5,uniform,shifted,noisy,0.8886945632476431,0.9618433088915438,0.9743906122037652,0.972887718951878,-0.085696048956122,-0.012547303312221314,0.07314874564390068,0.014381809836616096,10,0,0,0.008913938087987702
1.2,reverse,medium,2.0,type-noisy,correct,exact,0.9749843699974662,0.9744700547524425,0.9743906122037652,0.972887718951878,0.0005937577937011107,7.944254867743305e-05,-0.0005143152450236777,0.001016962018816193,10,0,0,0.0006303195895750675
1.2,reverse,medium,2.0,type-noisy,correct,noisy,0.9601355973873075,0.963667595893412,0.9743906122037652,0.972887718951878,-0.014255014816457745,-0.010723016310353084,0.003531998506104661,0.006789162292599617,10,0,0,0.00420796638483248
1.2,reverse,medium,2.0,type-noisy,shifted,exact,0.8244351138391165,0.9391116879809569,0.9743906122037652,0.972887718951878,-0.14995549836464866,-0.035278924222808115,0.11467657414184056,0.022204549599087624,10,0,0,0.013762522425653925
1.2,reverse,medium,2.0,type-noisy,shifted,noisy,0.8287164875738744,0.9355686371882583,0.9743906122037652,0.972887718951878,-0.14567412462989068,-0.03882197501550683,0.10685214961438386,0.03772904356406072,10,0,0,0.023384703474021162
1.2,reverse,medium,2.0,uniform,correct,exact,0.9743906122037652,0.9747175746183763,0.9743906122037652,0.972887718951878,0.0,0.0003269624146110983,0.0003269624146110983,0.0007187870830117025,10,0,0,0.0004455088496649982
1.2,reverse,medium,2.0,uniform,correct,noisy,0.9665984652500423,0.9687740228415874,0.9743906122037652,0.972887718951878,-0.007792146953722823,-0.005616589362177749,0.002175557591545074,0.0031046714632273647,10,0,0,0.001924295309223929
1.2,reverse,medium,2.0,uniform,shifted,exact,0.8181321693322297,0.9534512776032102,0.9743906122037652,0.972887718951878,-0.15625844287153562,-0.020939334600555016,0.1353191082709806,0.015435524252273503,10,0,0,0.009567037049126537
1.2,reverse,medium,2.0,uniform,shifted,noisy,0.8158717587746012,0.9529472915413507,0.9743906122037652,0.972887718951878,-0.15851885342916394,-0.02144332066241449,0.13707553276674947,0.007585764232390133,10,0,0,0.004701705382408763
1.2,separated,high,0.5,type-noisy,correct,exact,0.769142831884346,0.769142831884346,0.6221604136148304,0.5221824995455409,0.14698241826951555,0.14698241826951555,0.0,0.0,10,0,0,0.0
1.2,separated,high,0.5,type-noisy,correct,noisy,0.6654654677012908,0.6654654677012908,0.6221604136148304,0.5221824995455409,0.043305054086460425,0.043305054086460425,0.0,0.0,10,0,0,0.0
1.2,separated,high,0.5,type-noisy,shifted,exact,0.686958210618753,0.686958210618753,0.6221604136148304,0.5221824995455409,0.06479779700392257,0.06479779700392257,0.0,0.0,10,0,0,0.0
1.2,separated,high,0.5,type-noisy,shifted,noisy,0.6852436476403236,0.6852436476403236,0.6221604136148304,0.5221824995455409,0.06308323402549329,0.06308323402549329,0.0,0.0,10,0,0,0.0
1.2,separated,high,0.5,uniform,correct,exact,0.6315367546659021,0.6315367546659021,0.6221604136148304,0.5221824995455409,0.009376341051071702,0.009376341051071702,0.0,0.0,10,0,0,0.0
1.2,separated,high,0.5,uniform,correct,noisy,0.6516281329193371,0.6516281329193371,0.6221604136148304,0.5221824995455409,0.02946771930450671,0.02946771930450671,0.0,0.0,10,0,0,0.0
1.2,separated,high,0.5,uniform,shifted,exact,0.6252436637281288,0.6252436637281288,0.6221604136148304,0.5221824995455409,0.003083250113298386,0.003083250113298386,0.0,0.0,10,0,0,0.0
1.2,separated,high,0.5,uniform,shifted,noisy,0.6665941578944408,0.6665941578944408,0.6221604136148304,0.5221824995455409,0.04443374427961041,0.04443374427961041,0.0,0.0,10,0,0,0.0
1.2,separated,high,1.0,type-noisy,correct,exact,0.9155995393894519,0.917256015758612,0.6221604136148304,0.5221824995455409,0.2934391257746216,0.2950956021437816,0.0016564763691600316,0.005143042448393547,10,0,0,0.003187690735011109
1.2,separated,high,1.0,type-noisy,correct,noisy,0.9298608951579368,0.9301844014402796,0.6221604136148304,0.5221824995455409,0.3077004815431064,0.3080239878254493,0.00032350628234291136,0.0010230166895771127,10,0,0,0.0006340723133921062
1.2,separated,high,1.0,type-noisy,shifted,exact,0.8842072161878403,0.8842165612771302,0.6221604136148304,0.5221824995455409,0.2620468025730099,0.26205614766229984,9.345089289936049e-06,2.9551767093843546e-05,10,0,0,1.8316375008274653e-05
1.2,separated,high,1.0,type-noisy,shifted,noisy,0.8974789577771786,0.8974789577771786,0.6221604136148304,0.5221824995455409,0.2753185441623482,0.2753185441623482,0.0,0.0,10,0,0,0.0
1.2,separated,high,1.0,uniform,correct,exact,0.9076417696246535,0.9076417696246535,0.6221604136148304,0.5221824995455409,0.28548135600982305,0.28548135600982305,0.0,0.0,10,0,0,0.0
1.2,separated,high,1.0,uniform,correct,noisy,0.9397482045236589,0.9397482045236589,0.6221604136148304,0.5221824995455409,0.3175877909088285,0.3175877909088285,0.0,0.0,10,0,0,0.0
1.2,separated,high,1.0,uniform,shifted,exact,0.8003795121084141,0.8004414367393092,0.6221604136148304,0.5221824995455409,0.17821909849358372,0.1782810231244789,6.192463089518263e-05,0.00019582287689400867,10,0,0,0.00012137227655455794
1.2,separated,high,1.0,uniform,shifted,noisy,0.7624961545267858,0.7624961545267858,0.6221604136148304,0.5221824995455409,0.1403357409119554,0.1403357409119554,0.0,0.0,10,0,0,0.0
1.2,separated,high,1.5,type-noisy,correct,exact,0.9552193517040897,0.944759890175358,0.6221604136148304,0.5221824995455409,0.3330589380892592,0.32259947656052745,-0.010459461528731718,0.018782951053349543,10,0,0,0.011641793675576502
1.2,separated,high,1.5,type-noisy,correct,noisy,0.9399867431220942,0.9401137968009019,0.6221604136148304,0.5221824995455409,0.31782632950726375,0.3179533831860715,0.00012705367880777585,0.0019750512119154225,10,0,0,0.0012241494237252102
1.2,separated,high,1.5,type-noisy,shifted,exact,0.9679437730807168,0.967555635177136,0.6221604136148304,0.5221824995455409,0.34578335946588634,0.34539522156230573,-0.00038813790358056545,0.0008470894134911487,10,0,0,0.0005250314579758461
1.2,separated,high,1.5,type-noisy,shifted,noisy,0.949474447810208,0.9491530331501579,0.6221604136148304,0.5221824995455409,0.3273140341953775,0.32699261953532754,-0.00032141466004996787,0.0052909485087905194,10,0,0,0.0032793638610080942
1.2,separated,high,1.5,uniform,correct,exact,0.9704773841749154,0.970990683746145,0.6221604136148304,0.5221824995455409,0.3483169705600849,0.3488302701313145,0.0005132995712295752,0.0012800682025418644,10,0,0,0.0007933944917564459
1.2,separated,high,1.5,uniform,correct,noisy,0.953694562292662,0.9548764667798153,0.6221604136148304,0.5221824995455409,0.33153414867783154,0.33271605316498487,0.001181904487153307,0.0019802935481849746,10,0,0,0.0012273986574081802
1.2,separated,high,1.5,uniform,shifted,exact,0.9813932573712425,0.9813889556880013,0.6221604136148304,0.5221824995455409,0.35923284375641196,0.359228542073171,-4.301683240959253e-06,0.0008783522608201487,10,0,0,0.0005444083715013894
1.2,separated,high,1.5,uniform,shifted,noisy,0.9584840823731303,0.9584684430226369,0.6221604136148304,0.5221824995455409,0.3363236687583,0.3363080294078066,-1.5639350493412695e-05,0.0012260737822766283,10,0,0,0.00075992840335666
1.2,separated,high,2.0,type-noisy,correct,exact,0.9391725418560993,0.93620988349069,0.6221604136148304,0.5221824995455409,0.317012128241269,0.3140494698758597,-0.002962658365409343,0.00756367142837195,10,0,0,0.004688012120611717
1.2,separated,high,2.0,type-noisy,correct,noisy,0.9323067810365204,0.9337377278382508,0.6221604136148304,0.5221824995455409,0.3101463674216901,0.3115773142234205,0.001430946801730415,0.0059418997679313934,10,0,0,0.003682827631437468
1.2,separated,high,2.0,type-noisy,shifted,exact,0.9443217042984372,0.9441512589795279,0.6221604136148304,0.5221824995455409,0.3221612906836068,0.32199084536469746,-0.00017044531890936243,0.00046428869448104454,10,0,0,0.0002877691142195252
1.2,separated,high,2.0,type-noisy,shifted,noisy,0.9355706972429019,0.9374986281874149,0.6221604136148304,0.5221824995455409,0.31341028362807155,0.31533821457258454,0.0019279309445129566,0.0035025272663634453,10,0,0,0.002170888890796142
1.2,separated,high,2.0,uniform,correct,exact,0.9448447357712985,0.9403406983672772,0.6221604136148304,0.5221824995455409,0.32268432215646803,0.31818028475244675,-0.004504037404021244,0.004108524573055292,10,0,0,0.0025464899128306135
1.2,separated,high,2.0,uniform,correct,noisy,0.9407063983161844,0.9416900645590361,0.6221604136148304,0.5221824995455409,0.3185459847013541,0.3195296509442057,0.0009836662428516663,0.0034298804519204587,10,0,0,0.002125861928710633
1.2,separated,high,2.0,uniform,shifted,exact,0.943341528076906,0.9436191077059023,0.6221604136148304,0.5221824995455409,0.32118111446207565,0.321458694091072,0.00027757962899632727,0.0016557068288695167,10,0,0,0.0010262177244775713
1.2,separated,high,2.0,uniform,shifted,noisy,0.9361387842265408,0.9366948040501167,0.6221604136148304,0.5221824995455409,0.3139783706117104,0.3145343904352863,0.0005560198235759594,0.0011315136307979835,10,0,0,0.0007013194142623011
1.2,separated,low,0.5,type-noisy,correct,exact,0.9281117542724291,0.9281117542724291,0.9083580018874804,0.9036328839501395,0.019753752384948708,0.019753752384948708,0.0,0.0,10,0,0,0.0
1.2,separated,low,0.5,type-noisy,correct,noisy,0.9119932704515433,0.9119932704515433,0.9083580018874804,0.9036328839501395,0.00363526856406291,0.00363526856406291,0.0,0.0,10,0,0,0.0
1.2,separated,low,0.5,type-noisy,shifted,exact,0.9083580018874804,0.9083580018874804,0.9083580018874804,0.9036328839501395,0.0,0.0,0.0,0.0,10,0,0,0.0
1.2,separated,low,0.5,type-noisy,shifted,noisy,0.9074514754071101,0.9074514754071101,0.9083580018874804,0.9036328839501395,-0.0009065264803702511,-0.0009065264803702511,0.0,0.0,10,0,0,0.0
1.2,separated,low,0.5,uniform,correct,exact,0.9106509260558816,0.9106509260558816,0.9083580018874804,0.9036328839501395,0.0022929241684012335,0.0022929241684012335,0.0,0.0,10,0,0,0.0
1.2,separated,low,0.5,uniform,correct,noisy,0.9097356365957765,0.9097356365957765,0.9083580018874804,0.9036328839501395,0.0013776347082962049,0.0013776347082962049,0.0,0.0,10,0,0,0.0
1.2,separated,low,0.5,uniform,shifted,exact,0.9083580018874804,0.9083580018874804,0.9083580018874804,0.9036328839501395,0.0,0.0,0.0,0.0,10,0,0,0.0
1.2,separated,low,0.5,uniform,shifted,noisy,0.9083580018874804,0.9083580018874804,0.9083580018874804,0.9036328839501395,0.0,0.0,0.0,0.0,10,0,0,0.0
1.2,separated,low,1.0,type-noisy,correct,exact,0.9486416465318694,0.948770061295167,0.9083580018874804,0.9036328839501395,0.04028364464438906,0.04041205940768662,0.0001284147632975574,0.0004060831372116761,10,0,0,0.0002516929360632125
1.2,separated,low,1.0,type-noisy,correct,noisy,0.9318371267584042,0.9316002716273577,0.9083580018874804,0.9036328839501395,0.023479124870923927,0.02324226973987742,-0.00023685513104650945,0.0007490016896046307,10,0,0,0.0004642360568511584
1.2,separated,low,1.0,type-noisy,shifted,exact,0.9140382270633575,0.913670500019038,0.9083580018874804,0.9036328839501395,0.005680225175877107,0.0053124981315576855,-0.0003677270443194214,0.0011628550172910538,10,0,0,0.0007207450068660658
1.2,separated,low,1.0,type-noisy,shifted,noisy,0.911694317554324,0.9117495759707852,0.9083580018874804,0.9036328839501395,0.0033363156668436587,0.0033915740833048045,5.525841646114582e-05,0.0005600880145232794,10,0,0,0.0003471461479467857
1.2,separated,low,1.0,uniform,correct,exact,0.9580351059284815,0.9580351059284815,0.9083580018874804,0.9036328839501395,0.049677104041001265,0.049677104041001265,0.0,0.0,10,0,0,0.0
1.2,separated,low,1.0,uniform,correct,noisy,0.9317244751886371,0.9317244751886371,0.9083580018874804,0.9036328839501395,0.02336647330115672,0.02336647330115672,0.0,0.0,10,0,0,0.0
1.2,separated,low,1.0,uniform,shifted,exact,0.9097136627466303,0.9097136627466303,0.9083580018874804,0.9036328839501395,0.0013556608591501207,0.0013556608591501207,0.0,0.0,10,0,0,0.0
1.2,separated,low,1.0,uniform,shifted,noisy,0.9083580018874804,0.9083580018874804,0.9083580018874804,0.9036328839501395,0.0,0.0,0.0,0.0,10,0,0,0.0
1.2,separated,low,1.5,type-noisy,correct,exact,0.9325268753759394,0.9316089801790094,0.9083580018874804,0.9036328839501395,0.02416887348845913,0.0232509782915291,-0.0009178951969300297,0.005295814936478138,10,0,0,0.0032823801041381244
1.2,separated,low,1.5,type-noisy,correct,noisy,0.9015927070876893,0.8991517250385959,0.9083580018874804,0.9036328839501395,-0.006765294799791033,-0.009206276848884486,-0.002440982049093454,0.004419465522104938,10,0,0,0.0027392131097256187
1.2,separated,low,1.5,type-noisy,shifted,exact,0.9294276054519331,0.9294614955032253,0.9083580018874804,0.9036328839501395,0.02106960356445279,0.021103493615744994,3.38900512922069e-05,0.00035759499954885865,10,0,0,0.00022163967697841032
1.2,separated,low,1.5,type-noisy,shifted,noisy,0.9191361999920898,0.9206783247933574,0.9083580018874804,0.9036328839501395,0.010778198104609582,0.012320322905877012,0.0015421248012674304,0.004050239197455118,10,0,0,0.0025103642627603224
1.2,separated,low,1.5,uniform,correct,exact,0.9466651802245234,0.9461233220685028,0.9083580018874804,0.9036328839501395,0.038307178337043044,0.03776532018102251,-0.000541858156020536,0.0013105705079306006,10,0,0,0.0008123000165036749
1.2,separated,low,1.5,uniform,correct,noisy,0.9434343980121236,0.9410702479696627,0.9083580018874804,0.9036328839501395,0.03507639612464327,0.03271224608218226,-0.0023641500424610106,0.0029989336924937317,10,0,0,0.0018587583599394423
1.2,separated,low,1.5,uniform,shifted,exact,0.925314253422578,0.924979650719132,0.9083580018874804,0.9036328839501395,0.016956251535097777,0.01662164883165159,-0.0003346027034461851,0.0012275159665733658,10,0,0,0.00076082227844461
1.2,separated,low,1.5,uniform,shifted,noisy,0.9291706013511891,0.9288298273181418,0.9083580018874804,0.9036328839501395,0.020812599463708913,0.020471825430661526,-0.0003407740330473863,0.0021495471479551173,10,0,0,0.0013323031253895956
1.2,separated,low,2.0,type-noisy,correct,exact,0.87843362776716,0.8768671643435122,0.9083580018874804,0.9036328839501395,-0.029924374120320264,-0.0314908375439681,-0.0015664634236478348,0.007465850729364768,10,0,0,0.004627382223221913
1.2,separated,low,2.0,type-noisy,correct,noisy,0.9261816864322265,0.925984439369038,0.9083580018874804,0.9036328839501395,0.0178236845447462,0.01762643748155753,-0.0001972470631886658,0.008726975711929963,10,0,0,0.005409035585594958
1.2,separated,low,2.0,type-noisy,shifted,exact,0.9388168891629498,0.9381100354420155,0.9083580018874804,0.9036328839501395,0.03045888727546948,0.029752033554535297,-0.0007068537209341863,0.0018728897943451912,10,0,0,0.0011608291210965691
1.2,separated,low,2.0,type-noisy,shifted,noisy,0.939781191990374,0.9362307317155564,0.9083580018874804,0.9036328839501395,0.03142319010289372,0.027872729828076082,-0.003550460274817635,0.010940966889380769,10,0,0,0.006781281534286422
1.2,separated,low,2.0,uniform,correct,exact,0.9245339291716727,0.9172386379029751,0.9083580018874804,0.9036328839501395,0.016175927284192305,0.008880636015494724,-0.007295291268697579,0.010818339506067712,10,0,0,0.006705276294670368
1.2,separated,low,2.0,uniform,correct,noisy,0.9384829346721878,0.9386681095101255,0.9083580018874804,0.9036328839501395,0.030124932784707504,0.030310107622645154,0.00018517483793765166,0.00392322530439471,10,0,0,0.0024316402362353573
1.2,separated,low,2.0,uniform,shifted,exact,0.936272244694097,0.9355715718116825,0.9083580018874804,0.9036328839501395,0.02791424280661666,0.027213569924202118,-0.0007006728824145436,0.0015175763205661401,10,0,0,0.000940603548440859
1.2,separated,low,2.0,uniform,shifted,noisy,0.9528693673205296,0.9514525753189238,0.9083580018874804,0.9036328839501395,0.04451136543304929,0.043094573431443475,-0.0014167920016058156,0.006263793242358886,10,0,0,0.003882339273892132
1.2,separated,medium,0.5,type-noisy,correct,exact,0.8179653470682731,0.8179653470682731,0.7574071424623634,0.7428724521511769,0.060558204605909625,0.060558204605909625,0.0,0.0,10,0,0,0.0
1.2,separated,medium,0.5,type-noisy,correct,noisy,0.7692000523727867,0.7692000523727867,0.7574071424623634,0.7428724521511769,0.01179290991042332,0.01179290991042332,0.0,0.0,10,0,0,0.0
1.2,separated,medium,0.5,type-noisy,shifted,exact,0.7683367426109367,0.7683367426109367,0.7574071424623634,0.7428724521511769,0.010929600148573249,0.010929600148573249,0.0,0.0,10,0,0,0.0
1.2,separated,medium,0.5,type-noisy,shifted,noisy,0.7616176901020351,0.7616176901020351,0.7574071424623634,0.7428724521511769,0.004210547639671713,0.004210547639671713,0.0,0.0,10,0,0,0.0
1.2,separated,medium,0.5,uniform,correct,exact,0.7635128909268462,0.7635128909268462,0.7574071424623634,0.7428724521511769,0.006105748464482719,0.006105748464482719,0.0,0.0,10,0,0,0.0
1.2,separated,medium,0.5,uniform,correct,noisy,0.7628000514753459,0.7628000514753459,0.7574071424623634,0.7428724521511769,0.005392909012982583,0.005392909012982583,0.0,0.0,10,0,0,0.0
1.2,separated,medium,0.5,uniform,shifted,exact,0.7574071424623634,0.7574071424623634,0.7574071424623634,0.7428724521511769,0.0,0.0,0.0,0.0,10,0,0,0.0
1.2,separated,medium,0.5,uniform,shifted,noisy,0.7574071424623634,0.7574071424623634,0.7574071424623634,0.7428724521511769,0.0,0.0,0.0,0.0,10,0,0,0.0
1.2,separated,medium,1.0,type-noisy,correct,exact,0.9232412803202494,0.9239781215430263,0.7574071424623634,0.7428724521511769,0.16583413785788617,0.16657097908066296,0.0007368412227767851,0.0023300965378781797,10,0,0,0.0014442087966424987
1.2,separated,medium,1.0,type-noisy,correct,noisy,0.9067408810570846,0.9057815856009863,0.7574071424623634,0.7428724521511769,0.14933373859472124,0.14837444313862289,-0.0009592954560983302,0.0025489303008990197,10,0,0,0.00157984336818041
1.2,separated,medium,1.0,type-noisy,shifted,exact,0.8462169769066883,0.846395424938412,0.7574071424623634,0.7428724521511769,0.08880983444432479,0.08898828247604859,0.00017844803172381018,0.004764046625210222,10,0,0,0.0029527866901209576
1.2,separated,medium,1.0,type-noisy,shifted,noisy,0.8226767554994338,0.8226767554994338,0.7574071424623634,0.7428724521511769,0.06526961303707034,0.06526961303707034,0.0,0.0,10,0,0,0.0
1.2,separated,medium,1.0,uniform,correct,exact,0.9230077799725841,0.9230077799725841,0.7574071424623634,0.7428724521511769,0.16560063751022064,0.16560063751022064,0.0,0.0,10,0,0,0.0
1.2,separated,medium,1.0,uniform,correct,noisy,0.9315772247777734,0.9315772247777734,0.7574071424623634,0.7428724521511769,0.17417008231540987,0.17417008231540987,0.0,0.0,10,0,0,0.0
1.2,separated,medium,1.0,uniform,shifted,exact,0.7902835618429992,0.7911416587111094,0.7574071424623634,0.7428724521511769,0.032876419380635825,0.03373451624874604,0.0008580968681102142,0.002713540556285382,10,0,0,0.0016818698614960192
1.2,separated,medium,1.0,uniform,shifted,noisy,0.795067581007512,0.795067581007512,0.7574071424623634,0.7428724521511769,0.03766043854514852,0.03766043854514852,0.0,0.0,10,0,0,0.0
1.2,separated,medium,1.5,type-noisy,correct,exact,0.9144584906756366,0.9119804970271261,0.7574071424623634,0.7428724521511769,0.15705134821327316,0.15457335456476273,-0.0024779936485104237,0.009670371076308432,10,0,0,0.005993758090349125
1.2,separated,medium,1.5,type-noisy,correct,noisy,0.9195299746447386,0.9200498359889082,0.7574071424623634,0.7428724521511769,0.16212283218237528,0.16264269352654476,0.0005198613441695033,0.0065130473634688255,10,0,0,0.004036828578714741
1.2,separated,medium,1.5,type-noisy,shifted,exact,0.9280631985537164,0.9281109907505373,0.7574071424623634,0.7428724521511769,0.17065605609135312,0.17070384828817392,4.779219682081726e-05,0.0001086399146610434,10,0,0,6.733571672650248e-05
1.2,separated,medium,1.5,type-noisy,shifted,noisy,0.9282914730068479,0.925275367822243,0.7574071424623634,0.7428724521511769,0.1708843305444845,0.1678682253598796,-0.0030161051846049,0.005236925266657783,10,0,0,0.0032458799086297545
1.2,separated,medium,1.5,uniform,correct,exact,0.9588682865100442,0.9587359880978152,0.7574071424623634,0.7428724521511769,0.20146114404768078,0.2013288456354517,-0.00013229841222907047,0.0016783932463001014,10,0,0,0.0010402789116794498
1.2,separated,medium,1.5,uniform,correct,noisy,0.9389006233341319,0.9414305911859577,0.7574071424623634,0.7428724521511769,0.1814934808717685,0.18402344872359433,0.002529967851825832,0.0035764206309897195,10,0,0,0.0022166884726898413
1.2,separated,medium,1.5,uniform,shifted,exact,0.9047829065548312,0.9018423010801204,0.7574071424623634,0.7428724521511769,0.14737576409246786,0.14443515861775694,-0.0029406054747109557,0.00675726785029727,10,0,0,0.004188198004686737
1.2,separated,medium,1.5,uniform,shifted,noisy,0.9547776212734911,0.9501737813600346,0.7574071424623634,0.7428724521511769,0.19737047881112776,0.1927666388976713,-0.004603839913456487,0.006995070017931515,10,0,0,0.004335589315207617
1.2,separated,medium,2.0,type-noisy,correct,exact,0.9081364630939864,0.9048903014550506,0.7574071424623634,0.7428724521511769,0.15072932063162306,0.14748315899268719,-0.003246161638935874,0.00936738898561051,10,0,0,0.005805967844967477
1.2,separated,medium,2.0,type-noisy,correct,noisy,0.9153586403276248,0.9082411223428724,0.7574071424623634,0.7428724521511769,0.15795149786526147,0.15083397988050892,-0.007117517984752552,0.019303006768068474,10,0,0,0.011964127547041426
1.2,separated,medium,2.0,type-noisy,shifted,exact,0.9496655217348756,0.9496368836961031,0.7574071424623634,0.7428724521511769,0.1922583792725122,0.19222974123373965,-2.8638038772543782e-05,0.0017386314762822409,10,0,0,0.0010776149534357283
1.2,separated,medium,2.0,type-noisy,shifted,noisy,0.9593681582456528,0.9629649114384223,0.7574071424623634,0.7428724521511769,0.20196101578328932,0.20555776897605896,0.003596753192769664,0.008592351244150559,10,0,0,0.005325594475988669
1.2,separated,medium,2.0,uniform,correct,exact,0.9380314501018914,0.9314780706279606,0.7574071424623634,0.7428724521511769,0.18062430763952803,0.1740709281655973,-0.006553379473930687,0.007171651467891088,10,0,0,0.004445035631791447
1.2,separated,medium,2.0,uniform,correct,noisy,0.9315661426456161,0.9316065706741192,0.7574071424623634,0.7428724521511769,0.1741590001832527,0.17419942821175582,4.0428028503136645e-05,0.005389647946960952,10,0,0,0.0033405384065740094
1.2,separated,medium,2.0,uniform,shifted,exact,0.9808489561996151,0.9818439908319769,0.7574071424623634,0.7428724521511769,0.22344181373725167,0.2244368483696136,0.0009950346323619685,0.0031804259711218624,10,0,0,0.0019712484396664054
1.2,separated,medium,2.0,uniform,shifted,noisy,0.9741558133440638,0.9758352668451046,0.7574071424623634,0.7428724521511769,0.21674867088170036,0.21842812438274112,0.001679453501040773,0.002487297876824756,10,0,0,0.0015416431959731644
1.5,mixed,high,0.5,type-noisy,correct,exact,0.8066524338400859,0.8066524338400859,0.745900458005694,0.6361289024969425,0.060751975834391826,0.060751975834391826,0.0,0.0,10,0,0,0.0
1.5,mixed,high,0.5,type-noisy,correct,noisy,0.7949486204354821,0.7949486204354821,0.745900458005694,0.6361289024969425,0.049048162429788114,0.049048162429788114,0.0,0.0,10,0,0,0.0
1.5,mixed,high,0.5,type-noisy,shifted,exact,0.7766944838367783,0.7766944838367783,0.745900458005694,0.6361289024969425,0.03079402583108427,0.03079402583108427,0.0,0.0,10,0,0,0.0
1.5,mixed,high,0.5,type-noisy,shifted,noisy,0.7710945642111173,0.7710945642111173,0.745900458005694,0.6361289024969425,0.02519410620542325,0.02519410620542325,0.0,0.0,10,0,0,0.0
1.5,mixed,high,0.5,uniform,correct,exact,0.75253192710987,0.75253192710987,0.745900458005694,0.6361289024969425,0.006631469104176046,0.006631469104176046,0.0,0.0,10,0,0,0.0
1.5,mixed,high,0.5,uniform,correct,noisy,0.7579710152216947,0.7579710152216947,0.745900458005694,0.6361289024969425,0.012070557216000666,0.012070557216000666,0.0,0.0,10,0,0,0.0
1.5,mixed,high,0.5,uniform,shifted,exact,0.7495189751227131,0.7495189751227131,0.745900458005694,0.6361289024969425,0.003618517117019182,0.003618517117019182,0.0,0.0,10,0,0,0.0
1.5,mixed,high,0.5,uniform,shifted,noisy,0.7494287630488066,0.7494287630488066,0.745900458005694,0.6361289024969425,0.003528305043112523,0.003528305043112523,0.0,0.0,10,0,0,0.0
1.5,mixed,high,1.0,type-noisy,correct,exact,0.9066702139873752,0.9068483697365048,0.745900458005694,0.6361289024969425,0.16076975598168128,0.1609479117308107,0.000178155749129405,0.0005633779455024797,10,0,0,0.00034918526829363385
1.5,mixed,high,1.0,type-noisy,correct,noisy,0.9350516774262084,0.9350516774262084,0.745900458005694,0.6361289024969425,0.1891512194205144,0.1891512194205144,0.0,0.0,10,0,0,0.0
1.5,mixed,high,1.0,type-noisy,shifted,exact,0.9208841929668774,0.9198940098078445,0.745900458005694,0.6361289024969425,0.1749837349611833,0.17399355180215054,-0.0009901831590328092,0.018525617745069847,10,0,0,0.011482296838666443
1.5,mixed,high,1.0,type-noisy,shifted,noisy,0.8809952394048723,0.8789069883076188,0.745900458005694,0.6361289024969425,0.1350947813991783,0.13300653030192466,-0.0020882510972536237,0.010386381424111645,10,0,0,0.0064375459017013935
1.5,mixed,high,1.0,uniform,correct,exact,0.9168287531765534,0.9168287531765534,0.745900458005694,0.6361289024969425,0.17092829517085945,0.17092829517085945,0.0,0.0,10,0,0,0.0
1.5,mixed,high,1.0,uniform,correct,noisy,0.9174326783632628,0.9174326783632628,0.745900458005694,0.6361289024969425,0.1715322203575687,0.1715322203575687,0.0,0.0,10,0,0,0.0
1.5,mixed,high,1.0,uniform,shifted,exact,0.8989582983707665,0.895279554746673,0.745900458005694,0.6361289024969425,0.1530578403650725,0.149379096740979,-0.003678743624093539,0.011747316457295013,10,0,0,0.007281062174367144
1.5,mixed,high,1.0,uniform,shifted,noisy,0.9051269588936519,0.8985778974971925,0.745900458005694,0.6361289024969425,0.1592265008879578,0.15267743949149845,-0.0065490613964593655,0.011724883814008092,10,0,0,0.007267158278009092
1.5,mixed,high,1.5,type-noisy,correct,exact,0.9476550801680096,0.943827651959056,0.745900458005694,0.6361289024969425,0.2017546221623156,0.19792719395336197,-0.0038274282089536316,0.0052976954117591015,10,0,0,0.0032835456347925364
1.5,mixed,high,1.5,type-noisy,correct,noisy,0.9281083912016825,0.9269563961614138,0.745900458005694,0.6361289024969425,0.18220793319598844,0.18105593815571974,-0.0011519950402687274,0.0035394757146110867,10,0,0,0.002193789776280537
1.5,mixed,high,1.5,type-noisy,shifted,exact,0.9352305605852514,0.9355911790845663,0.745900458005694,0.6361289024969425,0.18933010257955743,0.18969072107887233,0.0003606184993149131,0.006227685636594902,10,0,0,0.0038599595479784877
1.5,mixed,high,1.5,type-noisy,shifted,noisy,0.9405042653300535,0.9362881842011165,0.745900458005694,0.6361289024969425,0.19460380732435953,0.1903877261954224,-0.004216081128937121,0.025848626117322634,10,0,0,0.01602114445170344
1.5,mixed,high,1.5,uniform,correct,exact,0.9405509012230218,0.9405136826566046,0.745900458005694,0.6361289024969425,0.19465044321732766,0.19461322465091052,-3.721856641716315e-05,0.0012452974927702686,10,0,0,0.0007718433825636183
1.5,mixed,high,1.5,uniform,correct,noisy,0.9280706869180865,0.9280706869180865,0.745900458005694,0.6361289024969425,0.1821702289123924,0.1821702289123924,0.0,0.0,10,0,0,0.0
1.5,mixed,high,1.5,uniform,shifted,exact,0.9437006658430048,0.9457604934754201,0.745900458005694,0.6361289024969425,0.19780020783731084,0.199860035469726,0.0020598276324151677,0.004094217406674191,10,0,0,0.0025376222392356684
1.5,mixed,high,1.5,uniform,shifted,noisy,0.94591952235726,0.9501823302239938,0.745900458005694,0.6361289024969425,0.20001906435156594,0.2042818722182997,0.004262807866733753,0.005281447742073992,10,0,0,0.0032734752247890334
1.5,mixed,high,2.0,type-noisy,correct,exact,0.9112011761318813,0.9099775321457649,0.745900458005694,0.6361289024969425,0.16530071812618732,0.16407707414007094,-0.0012236439861163628,0.007189145087980559,10,0,0,0.004455878289856311
1.5,mixed,high,2.0,type-noisy,correct,noisy,0.9138358868533146,0.9146101278092763,0.745900458005694,0.6361289024969425,0.16793542884762055,0.16870966980358226,0.0007742409559616914,0.0065739330466512615,10,0,0,0.004074565916122115
1.5,mixed,high,2.0,type-noisy,shifted,exact,0.9146305180690586,0.9182073420991774,0.745900458005694,0.6361289024969425,0.1687300600633646,0.17230688409348335,0.003576824030118775,0.008379968439730174,10,0,0,0.00519395825001546
1.5,mixed,high,2.0,type-noisy,shifted,noisy,0.9237082249438252,0.9328938468192979,0.745900458005694,0.6361289024969425,0.17780776693813122,0.1869933888136039,0.009185621875472682,0.013332214389716266,10,0,0,0.00826339209013433
1.5,mixed,high,2.0,uniform,correct,exact,0.8999033716539264,0.8998001222372242,0.745900458005694,0.6361289024969425,0.15400291364823246,0.15389966423153015,-0.00010324941670231125,0.0003265033238631348,10,0,0,0.00020236885673653002
1.5,mixed,high,2.0,uniform,correct,noisy,0.8992459353411976,0.8993979524617366,0.745900458005694,0.6361289024969425,0.15334547733550355,0.1534974944560426,0.0001520171205390608,0.00048072034424379565,10,0,0,0.00029795355625655915
1.5,mixed,high,2.0,uniform,shifted,exact,0.9039690799359341,0.9057767665633902,0.745900458005694,0.6361289024969425,0.15806862193024013,0.15987630855769613,0.0018076866274560287,0.0030019372686572983,10,0,0,0.0018606199957327638
1.5,mixed,high,2.0,uniform,shifted,noisy,0.9033419244185072,0.9063034574257077,0.745900458005694,0.6361289024969425,0.15744146641281326,0.1604029994200138,0.0029615330072005454,0.003936316927557832,10,0,0,0.0024397545083383178
1.5,mixed,low,0.5,type-noisy,correct,exact,0.9194417507654457,0.9194417507654457,0.9137767887722179,0.9004435308235091,0.00566496199322779,0.00566496199322779,0.0,0.0,10,0,0,0.0
1.5,mixed,low,0.5,type-noisy,correct,noisy,0.9167593095833352,0.9167593095833352,0.9137767887722179,0.9004435308235091,0.0029825208111173506,0.0029825208111173506,0.0,0.0,10,0,0,0.0
1.5,mixed,low,0.5,type-noisy,shifted,exact,0.9186744662570993,0.9186744662570993,0.9137767887722179,0.9004435308235091,0.0048976774848813465,0.0048976774848813465,0.0,0.0,10,0,0,0.0
1.5,mixed,low,0.5,type-noisy,shifted,noisy,0.9175703294508137,0.9175703294508137,0.9137767887722179,0.9004435308235091,0.0037935406785958637,0.0037935406785958637,0.0,0.0,10,0,0,0.0
1.5,mixed,low,0.5,uniform,correct,exact,0.9150533748294005,0.9150533748294005,0.9137767887722179,0.9004435308235091,0.0012765860571827491,0.0012765860571827491,0.0,0.0,10,0,0,0.0
1.5,mixed,low,0.5,uniform,correct,noisy,0.9147974869267023,0.9147974869267023,0.9137767887722179,0.9004435308235091,0.0010206981544842787,0.0010206981544842787,0.0,0.0,10,0,0,0.0
1.5,mixed,low,0.5,uniform,shifted,exact,0.9142116870015246,0.9142116870015246,0.9137767887722179,0.9004435308235091,0.00043489822930670163,0.00043489822930670163,0.0,0.0,10,0,0,0.0
1.5,mixed,low,0.5,uniform,shifted,noisy,0.9139257892741586,0.9139257892741586,0.9137767887722179,0.9004435308235091,0.00014900050194079916,0.00014900050194079916,0.0,0.0,10,0,0,0.0
1.5,mixed,low,1.0,type-noisy,correct,exact,0.9517988895803493,0.9511972727120058,0.9137767887722179,0.9004435308235091,0.038022100808131364,0.0374204839397879,-0.0006016168683434687,0.0017895530548775046,10,0,0,0.0011091764748365413
1.5,mixed,low,1.0,type-noisy,correct,noisy,0.9446858253328865,0.9446611967466805,0.9137767887722179,0.9004435308235091,0.030909036560668478,0.030884407974462548,-2.4628586205932556e-05,0.0012767876794126294,10,0,0,0.0007913612024554176
1.5,mixed,low,1.0,type-noisy,shifted,exact,0.9410382348824156,0.9395251878182037,0.9137767887722179,0.9004435308235091,0.027261446110197606,0.025748399045985894,-0.0015130470642117145,0.0048163192935476076,10,0,0,0.0029851856256198155
1.5,mixed,low,1.0,type-noisy,shifted,noisy,0.9291995481740536,0.9309865188384567,0.9137767887722179,0.9004435308235091,0.015422759401835694,0.01720973006623887,0.0017869706644031758,0.005994308017553679,10,0,0,0.003715310601087328
1.5,mixed,low,1.0,uniform,correct,exact,0.9538504882227455,0.9538504882227455,0.9137767887722179,0.9004435308235091,0.040073699450527675,0.040073699450527675,0.0,0.0,10,0,0,0.0
1.5,mixed,low,1.0,uniform,correct,noisy,0.9353918551310535,0.9353918551310535,0.9137767887722179,0.9004435308235091,0.021615066358835578,0.021615066358835578,0.0,0.0,10,0,0,0.0
1.5,mixed,low,1.0,uniform,shifted,exact,0.9405148010300903,0.9392735215822725,0.9137767887722179,0.9004435308235091,0.02673801225787247,0.02549673281005458,-0.001241279447817889,0.003268409312671009,10,0,0,0.0020257810797341806
1.5,mixed,low,1.0,uniform,shifted,noisy,0.9340000740304484,0.9334108490091081,0.9137767887722179,0.9004435308235091,0.020223285258230528,0.019634060236890183,-0.0005892250213403449,0.002907617117669313,10,0,0,0.001802159760483653
1.5,mixed,low,1.5,type-noisy,correct,exact,0.9504176514816864,0.9502230525527493,0.9137767887722179,0.9004435308235091,0.03664086270946846,0.03644626378053138,-0.00019459892893707308,0.006295885739301286,10,0,0,0.0039022304095755666
1.5,mixed,low,1.5,type-noisy,correct,noisy,0.9382541231593142,0.9366510075814528,0.9137767887722179,0.9004435308235091,0.024477334387096362,0.022874218809234882,-0.0016031155778614802,0.005341047466084906,10,0,0,0.003310415516444248
1.5,mixed,low,1.5,type-noisy,shifted,exact,0.9364766956301013,0.945071434865282,0.9137767887722179,0.9004435308235091,0.022699906857883458,0.03129464609306415,0.008594739235180693,0.01405660955449445,10,0,0,0.00871237686488989
1.5,mixed,low,1.5,type-noisy,shifted,noisy,0.9303125852195555,0.9321508957840173,0.9137767887722179,0.9004435308235091,0.016535796447337638,0.0183741070117995,0.0018383105644618647,0.008079853937375385,10,0,0,0.005007945354302797
1.5,mixed,low,1.5,uniform,correct,exact,0.9514981086980887,0.9519162012792721,0.9137767887722179,0.9004435308235091,0.037721319925870786,0.03813941250705426,0.00041809258118347126,0.0021775061963890978,10,0,0,0.0013496323231450148
1.5,mixed,low,1.5,uniform,correct,noisy,0.9413043681482789,0.9416789407434537,0.9137767887722179,0.9004435308235091,0.027527579376060908,0.027902151971235765,0.0003745725951748602,0.0009950409040755581,10,0,0,0.0006167327418947294
1.5,mixed,low,1.5,uniform,shifted,exact,0.9564952230809837,0.9601382345380312,0.9137767887722179,0.9004435308235091,0.04271843430876572,0.046361445765813344,0.003643011457047629,0.011575410941139092,10,0,0,0.007174514031580825
1.5,mixed,low,1.5,uniform,shifted,noisy,0.933109143262414,0.9336776763916689,0.9137767887722179,0.9004435308235091,0.019332354490196168,0.019900887619450948,0.000568533129254778,0.005241841592809423,10,0,0,0.0032489270791482036
1.5,mixed,low,2.0,type-noisy,correct,exact,0.933454696965707,0.9413479751357052,0.9137767887722179,0.9004435308235091,0.01967790819348917,0.027571186363487366,0.007893278169998196,0.01153373384759789,10,0,0,0.007148682301378992
1.5,mixed,low,2.0,type-noisy,correct,noisy,0.9222837368297278,0.9293573318463902,0.9137767887722179,0.9004435308235091,0.008506948057509778,0.015580543074172292,0.007073595016662515,0.013741798291264123,10,0,0,0.008517254822412891
1.5,mixed,low,2.0,type-noisy,shifted,exact,0.9296798623513138,0.9368869666733346,0.9137767887722179,0.9004435308235091,0.015903073579095973,0.02311017790111678,0.007207104322020807,0.013287997283752538,10,0,0,0.008235986043922595
1.5,mixed,low,2.0,type-noisy,shifted,noisy,0.9236074792588456,0.9261338518602263,0.9137767887722179,0.9004435308235091,0.00983069048662768,0.012357063088008513,0.002526372601380833,0.006579032297131121,10,0,0,0.004077726464313824
1.5,mixed,low,2.0,uniform,correct,exact,0.9242050335320805,0.9279924699897905,0.9137767887722179,0.9004435308235091,0.010428244759862681,0.014215681217572596,0.003787436457709914,0.006558554115313681,10,0,0,0.00406503395572492
1.5,mixed,low,2.0,uniform,correct,noisy,0.9299858594458728,0.9330192202621742,0.9137767887722179,0.9004435308235091,0.016209070673654992,0.019242431489956302,0.0030333608163013114,0.0065294159913053245,10,0,0,0.004046973959357196
1.5,mixed,low,2.0,uniform,shifted,exact,0.9063875034706191,0.9161935029912891,0.9137767887722179,0.9004435308235091,-0.007389285301598714,0.002416714219071181,0.009805999520669895,0.012345002884008933,10,0,0,0.007651512059623868
1.5,mixed,low,2.0,uniform,shifted,noisy,0.9242440939589558,0.9271483340313671,0.9137767887722179,0.9004435308235091,0.010467305186737996,0.013371545259149176,0.0029042400724111793,0.0066505175152461165,10,0,0,0.004122033461536177
1.5,mixed,medium,0.5,type-noisy,correct,exact,0.8435330780534784,0.8435330780534784,0.8181695675977656,0.7464210047831503,0.025363510455712925,0.025363510455712925,0.0,0.0,10,0,0,0.0
1.5,mixed,medium,0.5,type-noisy,correct,noisy,0.8458270310291869,0.8458270310291869,0.8181695675977656,0.7464210047831503,0.027657463431421437,0.027657463431421437,0.0,0.0,10,0,0,0.0
1.5,mixed,medium,0.5,type-noisy,shifted,exact,0.8374518271426361,0.8374518271426361,0.8181695675977656,0.7464210047831503,0.01928225954487045,0.01928225954487045,0.0,0.0,10,0,0,0.0
1.5,mixed,medium,0.5,type-noisy,shifted,noisy,0.8294765906938389,0.8294765906938389,0.8181695675977656,0.7464210047831503,0.011307023096073477,0.011307023096073477,0.0,0.0,10,0,0,0.0
1.5,mixed,medium,0.5,uniform,correct,exact,0.8243109759584268,0.8243109759584268,0.8181695675977656,0.7464210047831503,0.0061414083606612605,0.0061414083606612605,0.0,0.0,10,0,0,0.0
1.5,mixed,medium,0.5,uniform,correct,noisy,0.8272297996663633,0.8272297996663633,0.8181695675977656,0.7464210047831503,0.009060232068597785,0.009060232068597785,0.0,0.0,10,0,0,0.0
1.5,mixed,medium,0.5,uniform,shifted,exact,0.8196571840234478,0.8196571840234478,0.8181695675977656,0.7464210047831503,0.0014876164256823032,0.0014876164256823032,0.0,0.0,10,0,0,0.0
1.5,mixed,medium,0.5,uniform,shifted,noisy,0.8185270332526977,0.8185270332526977,0.8181695675977656,0.7464210047831503,0.0003574656549323096,0.0003574656549323096,0.0,0.0,10,0,0,0.0
1.5,mixed,medium,1.0,type-noisy,correct,exact,0.9172282330354701,0.9165051570527233,0.8181695675977656,0.7464210047831503,0.09905866543770456,0.09833558945495773,-0.0007230759827468236,0.0023748492427627583,10,0,0,0.0014719468105046667
1.5,mixed,medium,1.0,type-noisy,correct,noisy,0.9328602887836409,0.9312108887933869,0.8181695675977656,0.7464210047831503,0.11469072118587542,0.11304132119562134,-0.0016493999902540747,0.003735233743065375,10,0,0,0.002315121859355739
1.5,mixed,medium,1.0,type-noisy,shifted,exact,0.9068539611723372,0.904271107139645,0.8181695675977656,0.7464210047831503,0.08868439357457164,0.08610153954187945,-0.0025828540326921943,0.011812071085032155,10,0,0,0.007321197508453538
1.5,mixed,medium,1.0,type-noisy,shifted,noisy,0.8848763317418209,0.8850182720779152,0.8181695675977656,0.7464210047831503,0.06670676414405541,0.06684870448014969,0.0001419403360942817,0.00612648029923764,10,0,0,0.0037972318300052116
1.5,mixed,medium,1.0,uniform,correct,exact,0.9129760868447818,0.9129760868447818,0.8181695675977656,0.7464210047831503,0.09480651924701622,0.09480651924701622,0.0,0.0,10,0,0,0.0
1.5,mixed,medium,1.0,uniform,correct,noisy,0.917280320916061,0.917280320916061,0.8181695675977656,0.7464210047831503,0.09911075331829552,0.09911075331829552,0.0,0.0,10,0,0,0.0
1.5,mixed,medium,1.0,uniform,shifted,exact,0.8814143897305737,0.8773202914673798,0.8181695675977656,0.7464210047831503,0.0632448221328082,0.059150723869614265,-0.0040940982631939345,0.0038167926012209062,10,0,0,0.002365672563362018
1.5,mixed,medium,1.0,uniform,shifted,noisy,0.8899432213688969,0.8860028887916889,0.8181695675977656,0.7464210047831503,0.0717736537711315,0.06783332119392324,-0.0039403325772082495,0.01082285407608199,10,0,0,0.0067080744541550465
1.5,mixed,medium,1.5,type-noisy,correct,exact,0.9367888186821964,0.9384092313011061,0.8181695675977656,0.7464210047831503,0.11861925108443097,0.12023966370334056,0.0016204126189096058,0.014104844363436633,10,0,0,0.00874227310920692
1.5,mixed,medium,1.5,type-noisy,correct,noisy,0.9190265743119908,0.9191624855328673,0.8181695675977656,0.7464210047831503,0.10085700671422519,0.10099291793510176,0.00013591122087658336,0.007215554810238947,10,0,0,0.004472247205299266
1.5,mixed,medium,1.5,type-noisy,shifted,exact,0.931483371976182,0.9315817892992884,0.8181695675977656,0.7464210047831503,0.11331380437841654,0.11341222170152296,9.84173231064367e-05,0.020532756215608412,10,0,0,0.012726334151331176
1.5,mixed,medium,1.5,type-noisy,shifted,noisy,0.9325533825581978,0.9170714711937483,0.8181695675977656,0.7464210047831503,0.11438381496043219,0.0989019035959828,-0.015481911364449385,0.02728890055546731,10,0,0,0.016913835797033705
1.5,mixed,medium,1.5,uniform,correct,exact,0.9406292141032372,0.9413379231259686,0.8181695675977656,0.7464210047831503,0.1224596465054717,0.12316835552820313,0.0007087090227314352,0.0020449200439639948,10,0,0,0.0012674545744841444
1.5,mixed,medium,1.5,uniform,correct,noisy,0.9247457805675652,0.9242438598964728,0.8181695675977656,0.7464210047831503,0.10657621296979962,0.10607429229870738,-0.0005019206710922486,0.0015872125253717385,10,0,0,0.000983764515340807
1.5,mixed,medium,1.5,uniform,shifted,exact,0.94876595272193,0.9585011722464749,0.8181695675977656,0.7464210047831503,0.1305963851241644,0.14033160464870945,0.009735219524545025,0.014155565684201555,10,0,0,0.008773710509518553
1.5,mixed,medium,1.5,uniform,shifted,noisy,0.9479927495974569,0.9554197483056808,0.8181695675977656,0.7464210047831503,0.12982318199969148,0.13725018070791525,0.007426998708223787,0.01378556637413642,10,0,0,0.008544382561229202
1.5,mixed,medium,2.0,type-noisy,correct,exact,0.9006197681122711,0.8998054231796179,0.8181695675977656,0.7464210047831503,0.0824502005145055,0.08163585558185224,-0.0008143449326532548,0.0093073428744001,10,0,0,0.005768750879659586
1.5,mixed,medium,2.0,type-noisy,correct,noisy,0.9059004339886283,0.9078420598826774,0.8181695675977656,0.7464210047831503,0.08773086639086264,0.08967249228491196,0.0019416258940493259,0.012509017188028325,10,0,0,0.007753169178455393
1.5,mixed,medium,2.0,type-noisy,shifted,exact,0.9080418495367757,0.9203454863877797,0.8181695675977656,0.7464210047831503,0.0898722819390102,0.10217591879001416,0.012303636851003963,0.023570188994875584,10,0,0,0.014608954492470561
1.5,mixed,medium,2.0,type-noisy,shifted,noisy,0.9143236360974445,0.922226665240459,0.8181695675977656,0.7464210047831503,0.09615406849967892,0.10405709764269347,0.00790302914301454,0.029859426052746173,10,0,0,0.018507064006601587
1.5,mixed,medium,2.0,uniform,correct,exact,0.8837990011276722,0.8833627261576853,0.8181695675977656,0.7464210047831503,0.06562943352990669,0.06519315855991976,-0.00043627496998692726,0.002069045701633096,10,0,0,0.001282407812027783
1.5,mixed,medium,2.0,uniform,correct,noisy,0.8837990011276722,0.8833627261576853,0.8181695675977656,0.7464210047831503,0.06562943352990669,0.06519315855991976,-0.00043627496998692726,0.002069045701633096,10,0,0,0.001282407812027783
1.5,mixed,medium,2.0,uniform,shifted,exact,0.893543351123547,0.901961157547867,0.8181695675977656,0.7464210047831503,0.0753737835257814,0.0837915899501015,0.008417806424320096,0.008373019751117268,10,0,0,0.00518965140819292
1.5,mixed,medium,2.0,uniform,shifted,noisy,0.8943879549781087,0.902411505414771,0.8181695675977656,0.7464210047831503,0.07621838738034312,0.08424193781700559,0.008023550436662485,0.008663119526914155,10,0,0,0.005369457112076502
1.5,reverse,high,0.5,type-noisy,correct,exact,0.9726052493123237,0.9726052493123237,0.970188572581792,0.9700793882094573,0.002416676730531675,0.002416676730531675,0.0,0.0,10,0,0,0.0
1.5,reverse,high,0.5,type-noisy,correct,noisy,0.9709768468071724,0.9709768468071724,0.970188572581792,0.9700793882094573,0.0007882742253804253,0.0007882742253804253,0.0,0.0,10,0,0,0.0
1.5,reverse,high,0.5,type-noisy,shifted,exact,0.9663109256380619,0.9663109256380619,0.970188572581792,0.9700793882094573,-0.003877646943730095,-0.003877646943730095,0.0,0.0,10,0,0,0.0
1.5,reverse,high,0.5,type-noisy,shifted,noisy,0.9683862137392673,0.9682650138552233,0.970188572581792,0.9700793882094573,-0.001802358842524665,-0.001923558726568586,-0.00012119988404392101,0.00038326768572708944,10,0,0,0.00023755177272608518
1.5,reverse,high,0.5,uniform,correct,exact,0.9704744543762457,0.9704744543762457,0.970188572581792,0.9700793882094573,0.00028588179445364624,0.00028588179445364624,0.0,0.0,10,0,0,0.0
1.5,reverse,high,0.5,uniform,correct,noisy,0.9698631395318635,0.9698631395318635,0.970188572581792,0.9700793882094573,-0.00032543304992843636,-0.00032543304992843636,0.0,0.0,10,0,0,0.0
1.5,reverse,high,0.5,uniform,shifted,exact,0.9683670078982166,0.9683670078982166,0.970188572581792,0.9700793882094573,-0.0018215646835753941,-0.0018215646835753941,0.0,0.0,10,0,0,0.0
1.5,reverse,high,0.5,uniform,shifted,noisy,0.9688266249357881,0.9688266249357881,0.970188572581792,0.9700793882094573,-0.0013619476460038694,-0.0013619476460038694,0.0,0.0,10,0,0,0.0
1.5,reverse,high,1.0,type-noisy,correct,exact,0.9746597977069534,0.9743963934325288,0.970188572581792,0.9700793882094573,0.00447122512516136,0.004207820850736854,-0.00026340427442450576,0.0005752239371466792,10,0,0,0.0003565274899824765
1.5,reverse,high,1.0,type-noisy,correct,noisy,0.964978800008389,0.964978800008389,0.970188572581792,0.9700793882094573,-0.005209772573403026,-0.005209772573403026,0.0,0.0,10,0,0,0.0
1.5,reverse,high,1.0,type-noisy,shifted,exact,0.9481419355841254,0.9574094716817665,0.970188572581792,0.9700793882094573,-0.022046636997666635,-0.012779100900025476,0.00926753609764116,0.01772633251019532,10,0,0,0.010986894717566599
1.5,reverse,high,1.0,type-noisy,shifted,noisy,0.9487635557428046,0.9541857172070838,0.970188572581792,0.9700793882094573,-0.021425016838987378,-0.016002855374708157,0.005422161464279218,0.009569470042971933,10,0,0,0.005931218981961974
1.5,reverse,high,1.0,uniform,correct,exact,0.97829197039764,0.97829197039764,0.970188572581792,0.9700793882094573,0.008103397815847947,0.008103397815847947,0.0,0.0,10,0,0,0.0
1.5,reverse,high,1.0,uniform,correct,noisy,0.9693578754409027,0.9693578754409027,0.970188572581792,0.9700793882094573,-0.0008306971408893138,-0.0008306971408893138,0.0,0.0,10,0,0,0.0
1.5,reverse,high,1.0,uniform,shifted,exact,0.970188572581792,0.9601253318949707,0.970188572581792,0.9700793882094573,0.0,-0.01006324068682134,-0.01006324068682134,0.00715790959698826,10,0,0,0.00443651833196392
1.5,reverse,high,1.0,uniform,shifted,noisy,0.970188572581792,0.9580930624893321,0.970188572581792,0.9700793882094573,0.0,-0.012095510092459894,-0.012095510092459894,0.00757050588317879,10,0,0,0.004692248159587716
1.5,reverse,high,1.5,type-noisy,correct,exact,0.9734422611567111,0.973217123870503,0.970188572581792,0.9700793882094573,0.003253688574918934,0.0030285512887109345,-0.00022513728620799923,0.0005756874005115388,10,0,0,0.00035681474755209694
1.5,reverse,high,1.5,type-noisy,correct,noisy,0.9614513407088138,0.961214450295196,0.970188572581792,0.9700793882094573,-0.008737231872978202,-0.008974122286595953,-0.00023689041361775188,0.000538331625527954,10,0,0,0.000333661398341159
1.5,reverse,high,1.5,type-noisy,shifted,exact,0.9050500854101664,0.935904204178206,0.970188572581792,0.9700793882094573,-0.06513848717162567,-0.03428436840358606,0.030854118768039607,0.010143972021805826,10,0,0,0.006287298997546207
1.5,reverse,high,1.5,type-noisy,shifted,noisy,0.9211142704427484,0.9401728349203824,0.970188572581792,0.9700793882094573,-0.04907430213904355,-0.03001573766140968,0.019058564477633867,0.014935298325567352,10,0,0,0.0092569938076068
1.5,reverse,high,1.5,uniform,correct,exact,0.9708032209902463,0.9706243765607004,0.970188572581792,0.9700793882094573,0.0006146484084541993,0.0004358039789083779,-0.00017884442954582135,0.00042960196352298036,10,0,0,0.00026627005563458557
1.5,reverse,high,1.5,uniform,correct,noisy,0.9566040794551979,0.9566040794551979,0.970188572581792,0.9700793882094573,-0.013584493126594077,-0.013584493126594077,0.0,0.0,10,0,0,0.0
1.5,reverse,high,1.5,uniform,shifted,exact,0.9250228102349343,0.9443969608850388,0.970188572581792,0.9700793882094573,-0.04516576234685771,-0.025791611696753248,0.01937415065010446,0.012765077597897731,10,0,0,0.007911877064756975
1.5,reverse,high,1.5,uniform,shifted,noisy,0.9163146668850166,0.9439379807300694,0.970188572581792,0.9700793882094573,-0.05387390569677545,-0.026250591851722495,0.027623313845052955,0.012070553447918766,10,0,0,0.007481406536787495
1.5,reverse,high,2.0,type-noisy,correct,exact,0.9698055669946234,0.9698055669946234,0.970188572581792,0.9700793882094573,-0.00038300558716861664,-0.00038300558716861664,0.0,0.0,10,0,0,0.0
1.5,reverse,high,2.0,type-noisy,correct,noisy,0.9681427409398982,0.9688580857851251,0.970188572581792,0.9700793882094573,-0.0020458316418939027,-0.0013304867966668853,0.0007153448452270172,0.0028044485034758116,10,0,0,0.0017382151909203036
1.5,reverse,high,2.0,type-noisy,shifted,exact,0.8760602601731453,0.9035012275094859,0.970188572581792,0.9700793882094573,-0.09412831240864676,-0.06668734507230617,0.027440967336340594,0.009115397568093547,10,0,0,0.005649781946254538
1.5,reverse,high,2.0,type-noisy,shifted,noisy,0.8864645141163848,0.9102254971169554,0.970188572581792,0.9700793882094573,-0.08372405846540712,-0.05996307546483663,0.02376098300057049,0.015092551060867513,10,0,0,0.009354460062727454
1.5,reverse,high,2.0,uniform,correct,exact,0.970188572581792,0.970188572581792,0.970188572581792,0.9700793882094573,0.0,0.0,0.0,0.0,10,0,0,0.0
1.5,reverse,high,2.0,uniform,correct,noisy,0.970188572581792,0.970188572581792,0.970188572581792,0.9700793882094573,0.0,0.0,0.0,0.0,10,0,0,0.0
1.5,reverse,high,2.0,uniform,shifted,exact,0.8565254892927052,0.8849552345812637,0.970188572581792,0.9700793882094573,-0.11366308328908677,-0.08523333800052833,0.02842974528855844,0.006807896338935903,10,0,0,0.004219577867050383
1.5,reverse,high,2.0,uniform,shifted,noisy,0.8565254892927052,0.8849552345812637,0.970188572581792,0.9700793882094573,-0.11366308328908677,-0.08523333800052833,0.02842974528855844,0.006807896338935903,10,0,0,0.004219577867050383
1.5,reverse,low,0.5,type-noisy,correct,exact,0.9654202906559671,0.9654202906559671,0.9647045446538399,0.961945368038774,0.0007157460021273044,0.0007157460021273044,0.0,0.0,10,0,0,0.0
1.5,reverse,low,0.5,type-noisy,correct,noisy,0.9647031597377383,0.9647031597377383,0.9647045446538399,0.961945368038774,-1.3849161015544452e-06,-1.3849161015544452e-06,0.0,0.0,10,0,0,0.0
1.5,reverse,low,0.5,type-noisy,shifted,exact,0.9540059619191865,0.9540059619191865,0.9647045446538399,0.961945368038774,-0.010698582734653461,-0.010698582734653461,0.0,0.0,10,0,0,0.0
1.5,reverse,low,0.5,type-noisy,shifted,noisy,0.9605338323603035,0.9597803592927644,0.9647045446538399,0.961945368038774,-0.004170712293536327,-0.004924185361075561,-0.0007534730675392342,0.0017493751929889255,10,0,0,0.0010842739780401586
1.5,reverse,low,0.5,uniform,correct,exact,0.9649662567929267,0.9649662567929267,0.9647045446538399,0.961945368038774,0.00026171213908682267,0.00026171213908682267,0.0,0.0,10,0,0,0.0
1.5,reverse,low,0.5,uniform,correct,noisy,0.9645939516800703,0.9645939516800703,0.9647045446538399,0.961945368038774,-0.00011059297376960763,-0.00011059297376960763,0.0,0.0,10,0,0,0.0
1.5,reverse,low,0.5,uniform,shifted,exact,0.9590189545700726,0.9590189545700726,0.9647045446538399,0.961945368038774,-0.005685590083767289,-0.005685590083767289,0.0,0.0,10,0,0,0.0
1.5,reverse,low,0.5,uniform,shifted,noisy,0.9584699478046483,0.9584699478046483,0.9647045446538399,0.961945368038774,-0.006234596849191643,-0.006234596849191643,0.0,0.0,10,0,0,0.0
1.5,reverse,low,1.0,type-noisy,correct,exact,0.9686520298711748,0.9684758008774349,0.9647045446538399,0.961945368038774,0.003947485217334901,0.003771256223594965,-0.0001762289937399353,0.0003974403963693468,10,0,0,0.0002463361097907012
1.5,reverse,low,1.0,type-noisy,correct,noisy,0.9646082924992928,0.9653986572422589,0.9647045446538399,0.961945368038774,-9.62521545469941e-05,0.0006941125884189159,0.0007903647429659099,0.0024993527700658204,10,0,0,0.0015491148962131834
1.5,reverse,low,1.0,type-noisy,shifted,exact,0.9389880092721139,0.9432384655443158,0.9647045446538399,0.961945368038774,-0.025716535381725948,-0.021466079109524028,0.004250456272201919,0.02436569503605909,10,0,0,0.015102014245053025
1.5,reverse,low,1.0,type-noisy,shifted,noisy,0.9432422252589419,0.9499878196570769,0.9647045446538399,0.961945368038774,-0.021462319394897976,-0.014716724996762997,0.00674559439813498,0.016703217901383002,10,0,0,0.010352761713203732
1.5,reverse,low,1.0,uniform,correct,exact,0.9727168087969217,0.9727168087969217,0.9647045446538399,0.961945368038774,0.008012264143081682,0.008012264143081682,0.0,0.0,10,0,0,0.0
1.5,reverse,low,1.0,uniform,correct,noisy,0.9645416793612684,0.9645416793612684,0.9647045446538399,0.961945368038774,-0.00016286529257152348,-0.00016286529257152348,0.0,0.0,10,0,0,0.0
1.5,reverse,low,1.0,uniform,shifted,exact,0.9647045446538399,0.9479692139517562,0.9647045446538399,0.961945368038774,0.0,-0.01673533070208365,-0.01673533070208365,0.005194489274755661,10,0,0,0.003219577808350638
1.5,reverse,low,1.0,uniform,shifted,noisy,0.9647045446538399,0.9495336840411571,0.9647045446538399,0.961945368038774,0.0,-0.015170860612682847,-0.015170860612682847,0.012711423424197295,10,0,0,0.007878621863362908
1.5,reverse,low,1.5,type-noisy,correct,exact,0.9671265101218038,0.9662199403098197,0.9647045446538399,0.961945368038774,0.0024219654679638715,0.00151539565597979,-0.0009065698119840815,0.001557485238605097,10,0,0,0.0009653393521122514
1.5,reverse,low,1.5,type-noisy,correct,noisy,0.9617183644895434,0.962055293519035,0.9647045446538399,0.961945368038774,-0.0029861801642965037,-0.0026492511348048973,0.00033692902949160607,0.0009155784089561759,10,0,0,0.0005674813771598262
1.5,reverse,low,1.5,type-noisy,shifted,exact,0.8636082702657573,0.9333105596676837,0.9647045446538399,0.961945368038774,-0.10109627438808264,-0.03139398498615624,0.06970228940192641,0.020120022975438495,10,0,0,0.012470519438751519
1.5,reverse,low,1.5,type-noisy,shifted,noisy,0.93093261762186,0.952279968841367,0.9647045446538399,0.961945368038774,-0.033771927031979954,-0.012424575812472837,0.021347351219507114,0.01975390510449728,10,0,0,0.01224359723135542
1.5,reverse,low,1.5,uniform,correct,exact,0.9648624279231635,0.9648624279231635,0.9647045446538399,0.961945368038774,0.00015788326932358876,0.00015788326932358876,0.0,0.0,10,0,0,0.0
1.5,reverse,low,1.5,uniform,correct,noisy,0.9619052940587359,0.9619052940587359,0.9647045446538399,0.961945368038774,-0.0027992505951040967,-0.0027992505951040967,0.0,0.0,10,0,0,0.0
1.5,reverse,low,1.5,uniform,shifted,exact,0.8708242094242309,0.9346192269905756,0.9647045446538399,0.961945368038774,-0.093880335229609,-0.030085317663264177,0.06379501756634481,0.007594549713967669,10,0,0,0.00470715068030555
1.5,reverse,low,1.5,uniform,shifted,noisy,0.9153136508243908,0.9536827207603759,0.9647045446538399,0.961945368038774,-0.049390893829449264,-0.011021823893464,0.03836906993598527,0.01769197747006745,10,0,0,0.01096560124308813
1.5,reverse,low,2.0,type-noisy,correct,exact,0.9646652446133711,0.9646652446133711,0.9647045446538399,0.961945368038774,-3.930004046887037e-05,-3.930004046887037e-05,0.0,0.0,10,0,0,0.0
1.5,reverse,low,2.0,type-noisy,correct,noisy,0.9442368363594668,0.9511892190663751,0.9647045446538399,0.961945368038774,-0.020467708294373256,-0.013515325587464887,0.006952382706908367,0.011357789985826112,10,0,0,0.007039631166048161
1.5,reverse,low,2.0,type-noisy,shifted,exact,0.8422183342411473,0.9340240745310855,0.9647045446538399,0.961945368038774,-0.12248621041269252,-0.030680470122754423,0.09180574028993808,0.02544185698782708,10,0,0,0.01576902633321765
1.5,reverse,low,2.0,type-noisy,shifted,noisy,0.905376293638738,0.9327112166449136,0.9647045446538399,0.961945368038774,-0.05932825101510193,-0.03199332800892625,0.027334923006175682,0.017805152382889856,10,0,0,0.01103574778079605
1.5,reverse,low,2.0,uniform,correct,exact,0.9647045446538399,0.9647045446538399,0.9647045446538399,0.961945368038774,0.0,0.0,0.0,0.0,10,0,0,0.0
1.5,reverse,low,2.0,uniform,correct,noisy,0.9515253265142645,0.9548490574472618,0.9647045446538399,0.961945368038774,-0.013179218139575422,-0.009855487206578084,0.0033237309329973374,0.006266090744843883,10,0,0,0.0038837632806854993
1.5,reverse,low,2.0,uniform,shifted,exact,0.8253200313721623,0.9215975287559361,0.9647045446538399,0.961945368038774,-0.1393845132816777,-0.04310701589790381,0.09627749738377388,0.009836493889868897,10,0,0,0.006096722076933774
1.5,reverse,low,2.0,uniform,shifted,noisy,0.8879464221010627,0.9431644798175494,0.9647045446538399,0.961945368038774,-0.07675812255277716,-0.02154006483629045,0.055218057716486704,0.03773674897544768,10,0,0,0.023389479337478276
1.5,reverse,medium,0.5,type-noisy,correct,exact,0.9658980732673357,0.9658980732673357,0.9647045446538396,0.9630766355957583,0.0011935286134959976,0.0011935286134959976,0.0,0.0,10,0,0,0.0
1.5,reverse,medium,0.5,type-noisy,correct,noisy,0.9655036951868834,0.9655036951868834,0.9647045446538396,0.9630766355957583,0.0007991505330437576,0.0007991505330437576,0.0,0.0,10,0,0,0.0
1.5,reverse,medium,0.5,type-noisy,shifted,exact,0.9591945977666481,0.9592323253596039,0.9647045446538396,0.9630766355957583,-0.005509946887191674,-0.005472219294235836,3.7727592955838496e-05,0.00011930512437617399,10,0,0,7.394608219344344e-05
1.5,reverse,medium,0.5,type-noisy,shifted,noisy,0.9601547059586444,0.9599334357484359,0.9647045446538396,0.9630766355957583,-0.0045498386951952855,-0.00477110890540372,-0.00022127021020843519,0.0006997178426028958,10,0,0,0.00043368961200853284
1.5,reverse,medium,0.5,uniform,correct,exact,0.9653543200324612,0.9653543200324612,0.9647045446538396,0.9630766355957583,0.0006497753786215866,0.0006497753786215866,0.0,0.0,10,0,0,0.0
1.5,reverse,medium,0.5,uniform,correct,noisy,0.9649526036527598,0.9649526036527598,0.9647045446538396,0.9630766355957583,0.0002480589989201865,0.0002480589989201865,0.0,0.0,10,0,0,0.0
1.5,reverse,medium,0.5,uniform,shifted,exact,0.9619894846937594,0.9619894846937594,0.9647045446538396,0.9630766355957583,-0.002715059960080213,-0.002715059960080213,0.0,0.0,10,0,0,0.0
1.5,reverse,medium,0.5,uniform,shifted,noisy,0.9620566520501741,0.9620566520501741,0.9647045446538396,0.9630766355957583,-0.0026478926036654802,-0.0026478926036654802,0.0,0.0,10,0,0,0.0
1.5,reverse,medium,1.0,type-noisy,correct,exact,0.970068390991589,0.9696181524874407,0.9647045446538396,0.9630766355957583,0.005363846337749412,0.0049136078336009855,-0.0004502385041484258,0.0007482137693898917,10,0,0,0.00046374769884251785
1.5,reverse,medium,1.0,type-noisy,correct,noisy,0.9629870393721927,0.9628572827065138,0.9647045446538396,0.9630766355957583,-0.0017175052816469694,-0.0018472619473258955,-0.00012975666567892618,0.00041032660513440534,10,0,0,0.0002543230647306953
1.5,reverse,medium,1.0,type-noisy,shifted,exact,0.9321198128532094,0.9491494386517679,0.9647045446538396,0.9630766355957583,-0.032584731800630186,-0.01555510600207174,0.017029625798558445,0.031654109580392775,10,0,0,0.019619420381405198
1.5,reverse,medium,1.0,type-noisy,shifted,noisy,0.930213473003537,0.9467744980658249,0.9647045446538396,0.9630766355957583,-0.03449107165030274,-0.017930046588014736,0.016561025062288005,0.026569372130913312,10,0,0,0.016467867459120347
1.5,reverse,medium,1.0,uniform,correct,exact,0.974927990123337,0.974927990123337,0.9647045446538396,0.9630766355957583,0.010223445469497338,0.010223445469497338,0.0,0.0,10,0,0,0.0
1.5,reverse,medium,1.0,uniform,correct,noisy,0.9654968218375526,0.9654968218375526,0.9647045446538396,0.9630766355957583,0.0007922771837130194,0.0007922771837130194,0.0,0.0,10,0,0,0.0
1.5,reverse,medium,1.0,uniform,shifted,exact,0.9647045446538396,0.953996639953307,0.9647045446538396,0.9630766355957583,0.0,-0.010707904700532723,-0.010707904700532723,0.005561078417694875,10,0,0,0.00344679211315732
1.5,reverse,medium,1.0,uniform,shifted,noisy,0.9647045446538396,0.9525658031112314,0.9647045446538396,0.9630766355957583,0.0,-0.012138741542608134,-0.012138741542608134,0.005562125481760164,10,0,0,0.0034474410901885965
1.5,reverse,medium,1.5,type-noisy,correct,exact,0.9676739097625642,0.9669008690286691,0.9647045446538396,0.9630766355957583,0.0029693651087245865,0.0021963243748294725,-0.000773040733895114,0.001840114843583062,10,0,0,0.0011405149961533619
1.5,reverse,medium,1.5,type-noisy,correct,noisy,0.9559313760041546,0.955396482115407,0.9647045446538396,0.9630766355957583,-0.008773168649685081,-0.00930806253843267,-0.0005348938887475896,0.002011054602210854,10,0,0,0.0012464645562222372
1.5,reverse,medium,1.5,type-noisy,shifted,exact,0.8559249096085798,0.9367534548730168,0.9647045446538396,0.9630766355957583,-0.10877963504525975,-0.02795108978082277,0.08082854526443697,0.02356725523814272,10,0,0,0.014607136131208726
1.5,reverse,medium,1.5,type-noisy,shifted,noisy,0.8799896401461457,0.9435884041599577,0.9647045446538396,0.9630766355957583,-0.08471490450769398,-0.021116140493881875,0.0635987640138121,0.03141584759738673,10,0,0,0.019471744074364215
1.5,reverse,medium,1.5,uniform,correct,exact,0.9648624279231631,0.9648624279231631,0.9647045446538396,0.9630766355957583,0.00015788326932356656,0.00015788326932356656,0.0,0.0,10,0,0,0.0
1.5,reverse,medium,1.5,uniform,correct,noisy,0.95096440714971,0.95096440714971,0.9647045446538396,0.9630766355957583,-0.013740137504129635,-0.013740137504129635,0.0,0.0,10,0,0,0.0
1.5,reverse,medium,1.5,uniform,shifted,exact,0.8794572480258418,0.9450189690205277,0.9647045446538396,0.9630766355957583,-0.08524729662799788,-0.019685575633311813,0.06556172099468606,0.012582915558183267,10,0,0,0.007798971862807902
1.5,reverse,medium,1.5,uniform,shifted,noisy,0.8709577983178658,0.9462536776428963,0.9647045446538396,0.9630766355957583,-0.09374674633597377,-0.018450867010943495,0.07529587932503026,0.01279830228069296,10,0,0,0.007932469936502203
1.5,reverse,medium,2.0,type-noisy,correct,exact,0.9645034834412318,0.9645034834412318,0.9647045446538396,0.9630766355957583,-0.00020106121260777822,-0.00020106121260777822,0.0,0.0,10,0,0,0.0
1.5,reverse,medium,2.0,type-noisy,correct,noisy,0.9640732238381426,0.9645938532109428,0.9647045446538396,0.9630766355957583,-0.0006313208156970452,-0.00011069144289689303,0.0005206293728001521,0.0011229495744137727,10,0,0,0.0006960113571221954
1.5,reverse,medium,2.0,type-noisy,shifted,exact,0.8181590642890155,0.9200021677448358,0.9647045446538396,0.9630766355957583,-0.14654548036482415,-0.04470237690900377,0.10184310345582037,0.025432532478417976,10,0,0,0.015763246942409548
1.5,reverse,medium,2.0,type-noisy,shifted,noisy,0.8376473465617966,0.91293670934893,0.9647045446538396,0.9630766355957583,-0.12705719809204308,-0.05176783530490971,0.07528936278713337,0.03743907320882628,10,0,0,0.023204977985833243
1.5,reverse,medium,2.0,uniform,correct,exact,0.9647045446538396,0.9647045446538396,0.9647045446538396,0.9630766355957583,0.0,0.0,0.0,0.0,10,0,0,0.0
1.5,reverse,medium,2.0,uniform,correct,noisy,0.9647045446538396,0.9647045446538396,0.9647045446538396,0.9630766355957583,0.0,0.0,0.0,0.0,10,0,0,0.0
1.5,reverse,medium,2.0,uniform,shifted,exact,0.7974616008136004,0.9188681265643848,0.9647045446538396,0.9630766355957583,-0.16724294384023924,-0.045836418089455,0.12140652575078423,0.010742707523182725,10,0,0,0.0066583991060155685
1.5,reverse,medium,2.0,uniform,shifted,noisy,0.7974616008136004,0.9188681265643848,0.9647045446538396,0.9630766355957583,-0.16724294384023924,-0.045836418089455,0.12140652575078423,0.010742707523182725,10,0,0,0.0066583991060155685
1.5,separated,high,0.5,type-noisy,correct,exact,0.7211271849644878,0.7211271849644878,0.22301077113290244,0.21182113251669668,0.49811641383158534,0.49811641383158534,0.0,0.0,10,0,0,0.0
1.5,separated,high,0.5,type-noisy,correct,noisy,0.6113642053376414,0.6113642053376414,0.22301077113290244,0.21182113251669668,0.38835343420473895,0.38835343420473895,0.0,0.0,10,0,0,0.0
1.5,separated,high,0.5,type-noisy,shifted,exact,0.5917722555788659,0.5917722555788659,0.22301077113290244,0.21182113251669668,0.36876148444596346,0.36876148444596346,0.0,0.0,10,0,0,0.0
1.5,separated,high,0.5,type-noisy,shifted,noisy,0.5559863247131286,0.5559863247131286,0.22301077113290244,0.21182113251669668,0.3329755535802262,0.3329755535802262,0.0,0.0,10,0,0,0.0
1.5,separated,high,0.5,uniform,correct,exact,0.6018810944457126,0.6018810944457126,0.22301077113290244,0.21182113251669668,0.3788703233128101,0.3788703233128101,0.0,0.0,10,0,0,0.0
1.5,separated,high,0.5,uniform,correct,noisy,0.6135782025762936,0.6135782025762936,0.22301077113290244,0.21182113251669668,0.3905674314433911,0.3905674314433911,0.0,0.0,10,0,0,0.0
1.5,separated,high,0.5,uniform,shifted,exact,0.52792116166073,0.52792116166073,0.22301077113290244,0.21182113251669668,0.30491039052782754,0.30491039052782754,0.0,0.0,10,0,0,0.0
1.5,separated,high,0.5,uniform,shifted,noisy,0.5128749829779653,0.5128749829779653,0.22301077113290244,0.21182113251669668,0.28986421184506284,0.28986421184506284,0.0,0.0,10,0,0,0.0
1.5,separated,high,1.0,type-noisy,correct,exact,0.8778424907384743,0.8780015019038494,0.22301077113290244,0.21182113251669668,0.6548317196055717,0.6549907307709469,0.0001590111653752446,0.0005028374559834757,10,0,0,0.00031166188413547937
1.5,separated,high,1.0,type-noisy,correct,noisy,0.9115505339263785,0.9115505339263785,0.22301077113290244,0.21182113251669668,0.6885397627934762,0.6885397627934762,0.0,0.0,10,0,0,0.0
1.5,separated,high,1.0,type-noisy,shifted,exact,0.8044176813305863,0.8028488640018103,0.22301077113290244,0.21182113251669668,0.581406910197684,0.579838092868908,-0.0015688173287760176,0.003945903500066823,10,0,0,0.00244569632753854
1.5,separated,high,1.0,type-noisy,shifted,noisy,0.8025019720864416,0.8024256305702007,0.22301077113290244,0.21182113251669668,0.579491200953539,0.5794148594372983,-7.634151624075214e-05,0.00022127674067318504,10,0,0,0.0001371487447741542
1.5,separated,high,1.0,uniform,correct,exact,0.9044408735736642,0.9044408735736642,0.22301077113290244,0.21182113251669668,0.6814301024407617,0.6814301024407617,0.0,0.0,10,0,0,0.0
1.5,separated,high,1.0,uniform,correct,noisy,0.9498191431244717,0.9498191431244717,0.22301077113290244,0.21182113251669668,0.7268083719915692,0.7268083719915692,0.0,0.0,10,0,0,0.0
1.5,separated,high,1.0,uniform,shifted,exact,0.7655575674193604,0.7655575674193604,0.22301077113290244,0.21182113251669668,0.5425467962864579,0.5425467962864579,0.0,0.0,10,0,0,0.0
1.5,separated,high,1.0,uniform,shifted,noisy,0.7150447285008713,0.7112158910630436,0.22301077113290244,0.21182113251669668,0.4920339573679689,0.48820511993014115,-0.0038288374378277258,0.006054177941252218,10,0,0,0.0037524183642439913
1.5,separated,high,1.5,type-noisy,correct,exact,0.9127367771852685,0.9278954529644263,0.22301077113290244,0.21182113251669668,0.6897260060523659,0.7048846818315238,0.01515867577915787,0.04068422369676702,10,0,0,0.025216343096645544
1.5,separated,high,1.5,type-noisy,correct,noisy,0.9393564101767714,0.9383747285207669,0.22301077113290244,0.21182113251669668,0.7163456390438689,0.7153639573878644,-0.000981681656004507,0.0027496227143628403,10,0,0,0.0017042338147701453
1.5,separated,high,1.5,type-noisy,shifted,exact,0.958381661045362,0.9576110278229958,0.22301077113290244,0.21182113251669668,0.7353708899124596,0.7346002566900933,-0.0007706332223662238,0.000868686535401522,10,0,0,0.000538417492819503
1.5,separated,high,1.5,type-noisy,shifted,noisy,0.9536612736449774,0.9513009173685031,0.22301077113290244,0.21182113251669668,0.730650502512075,0.7282901462356006,-0.00236035627647434,0.005397755773473273,10,0,0,0.0033455636895098864
1.5,separated,high,1.5,uniform,correct,exact,0.9626026692870087,0.9624880156431674,0.22301077113290244,0.21182113251669668,0.7395918981541062,0.739477244510265,-0.00011465364384121157,0.000911447003681729,10,0,0,0.000564920705641347
1.5,separated,high,1.5,uniform,correct,noisy,0.948880679853637,0.948880679853637,0.22301077113290244,0.21182113251669668,0.7258699087207344,0.7258699087207344,0.0,0.0,10,0,0,0.0
1.5,separated,high,1.5,uniform,shifted,exact,0.9719548875106577,0.9728496326163549,0.22301077113290244,0.21182113251669668,0.7489441163777553,0.7498388614834524,0.0008947451056972144,0.002748927602739336,10,0,0,0.0017038029801223124
1.5,separated,high,1.5,uniform,shifted,noisy,0.965650152179809,0.967571047768554,0.22301077113290244,0.21182113251669668,0.7426393810469064,0.7445602766356515,0.0019208955887450529,0.0026153220549459794,10,0,0,0.0016209934036662604
1.5,separated,high,2.0,type-noisy,correct,exact,0.9341907576229949,0.9318815604090082,0.22301077113290244,0.21182113251669668,0.7111799864900924,0.7088707892761057,-0.0023091972139865913,0.006276398227790272,10,0,0,0.0038901519248040702
1.5,separated,high,2.0,type-noisy,correct,noisy,0.9496256591943826,0.9474872667426375,0.22301077113290244,0.21182113251669668,0.7266148880614801,0.7244764956097351,-0.002138392451744986,0.004544442742857224,10,0,0,0.0028166747936757357
1.5,separated,high,2.0,type-noisy,shifted,exact,0.9485433876279263,0.9484156874708644,0.22301077113290244,0.21182113251669668,0.7255326164950239,0.7254049163379619,-0.000127700157061883,0.0026838987220723625,10,0,0,0.0016634976623089229
1.5,separated,high,2.0,type-noisy,shifted,noisy,0.9529855307599531,0.9542166226786433,0.22301077113290244,0.21182113251669668,0.7299747596270506,0.7312058515457408,0.001231091918690186,0.0019845728533811617,10,0,0,0.0012300509982478773
1.5,separated,high,2.0,uniform,correct,exact,0.9419916651611631,0.9419916651611631,0.22301077113290244,0.21182113251669668,0.7189808940282606,0.7189808940282606,0.0,0.0,10,0,0,0.0
1.5,separated,high,2.0,uniform,correct,noisy,0.9419916651611631,0.9419916651611631,0.22301077113290244,0.21182113251669668,0.7189808940282606,0.7189808940282606,0.0,0.0,10,0,0,0.0
1.5,separated,high,2.0,uniform,shifted,exact,0.9444272168260408,0.9455039623859219,0.22301077113290244,0.21182113251669668,0.7214164456931382,0.7224931912530195,0.0010767455598812425,0.0026478356079808153,10,0,0,0.0016411455126195537
1.5,separated,high,2.0,uniform,shifted,noisy,0.9444272168260408,0.9455039623859219,0.22301077113290244,0.21182113251669668,0.7214164456931382,0.7224931912530195,0.0010767455598812425,0.0026478356079808153,10,0,0,0.0016411455126195537
1.5,separated,low,0.5,type-noisy,correct,exact,0.9000481345039066,0.9000481345039066,0.7950553332235297,0.7898476109388747,0.10499280128037683,0.10499280128037683,0.0,0.0,10,0,0,0.0
1.5,separated,low,0.5,type-noisy,correct,noisy,0.8686164415964738,0.8686164415964738,0.7950553332235297,0.7898476109388747,0.07356110837294401,0.07356110837294401,0.0,0.0,10,0,0,0.0
1.5,separated,low,0.5,type-noisy,shifted,exact,0.8198156581140582,0.8198156581140582,0.7950553332235297,0.7898476109388747,0.024760324890528394,0.024760324890528394,0.0,0.0,10,0,0,0.0
1.5,separated,low,0.5,type-noisy,shifted,noisy,0.8168609851512378,0.8165373918976886,0.7950553332235297,0.7898476109388747,0.02180565192770816,0.0214820586741588,-0.0003235932535493591,0.0010232917166803405,10,0,0,0.0006342427769567438
1.5,separated,low,0.5,uniform,correct,exact,0.8821766206799116,0.8821766206799116,0.7950553332235297,0.7898476109388747,0.08712128745638195,0.08712128745638195,0.0,0.0,10,0,0,0.0
1.5,separated,low,0.5,uniform,correct,noisy,0.8639754210460684,0.8639754210460684,0.7950553332235297,0.7898476109388747,0.06892008782253858,0.06892008782253858,0.0,0.0,10,0,0,0.0
1.5,separated,low,0.5,uniform,shifted,exact,0.8125244936509951,0.8125244936509951,0.7950553332235297,0.7898476109388747,0.017469160427465425,0.017469160427465425,0.0,0.0,10,0,0,0.0
1.5,separated,low,0.5,uniform,shifted,noisy,0.8097813272336118,0.8097813272336118,0.7950553332235297,0.7898476109388747,0.0147259940100821,0.0147259940100821,0.0,0.0,10,0,0,0.0
1.5,separated,low,1.0,type-noisy,correct,exact,0.9344278338741624,0.9341094267961326,0.7950553332235297,0.7898476109388747,0.13937250065063272,0.1390540935726028,-0.0003184070780299364,0.0010068915896935576,10,0,0,0.0006240778729386752
1.5,separated,low,1.0,type-noisy,correct,noisy,0.905201631925385,0.9051314021398772,0.7950553332235297,0.7898476109388747,0.11014629870185529,0.1100760689163475,-7.022978550779158e-05,0.00022208608178970628,10,0,0,0.00013765037959527146
1.5,separated,low,1.0,type-noisy,shifted,exact,0.8526246084758856,0.8513418462516006,0.7950553332235297,0.7898476109388747,0.05756927525235585,0.05628651302807086,-0.0012827622242849834,0.0023350989988901744,10,0,0,0.0014473093541005012
1.5,separated,low,1.0,type-noisy,shifted,noisy,0.8468611413172077,0.8469465496898023,0.7950553332235297,0.7898476109388747,0.05180580809367803,0.05189121646627254,8.540837259450873e-05,0.0024248202716020215,10,0,0,0.0015029191750628567
1.5,separated,low,1.0,uniform,correct,exact,0.9541727405828668,0.9541727405828668,0.7950553332235297,0.7898476109388747,0.15911740735933702,0.15911740735933702,0.0,0.0,10,0,0,0.0
1.5,separated,low,1.0,uniform,correct,noisy,0.906196967143373,0.906196967143373,0.7950553332235297,0.7898476109388747,0.11114163391984314,0.11114163391984314,0.0,0.0,10,0,0,0.0
1.5,separated,low,1.0,uniform,shifted,exact,0.8410374005188535,0.8416915737129107,0.7950553332235297,0.7898476109388747,0.04598206729532382,0.04663624048938103,0.0006541731940572059,0.0016106682197924705,10,0,0,0.0009983025053610089
1.5,separated,low,1.0,uniform,shifted,noisy,0.8310434616620684,0.8299992853235192,0.7950553332235297,0.7898476109388747,0.035988128438538734,0.03494395209998944,-0.0010441763385492964,0.0027143935905657034,10,0,0,0.001682398577620631
1.5,separated,low,1.5,type-noisy,correct,exact,0.9053736432366245,0.905658814900794,0.7950553332235297,0.7898476109388747,0.1103183100130947,0.11060348167726416,0.0002851716641694924,0.003941416381163131,10,0,0,0.0024429151824284776
1.5,separated,low,1.5,type-noisy,correct,noisy,0.864616085666832,0.8627558535383593,0.7950553332235297,0.7898476109388747,0.06956075244330226,0.06770052031482954,-0.0018602321284727275,0.011984623347048856,10,0,0,0.0074281465084773774
1.5,separated,low,1.5,type-noisy,shifted,exact,0.874808981111024,0.8742810413518288,0.7950553332235297,0.7898476109388747,0.07975364788749435,0.07922570812829902,-0.0005279397591953395,0.0033072432521184447,10,0,0,0.002049850604771688
1.5,separated,low,1.5,type-noisy,shifted,noisy,0.8749453062313666,0.87208095488434,0.7950553332235297,0.7898476109388747,0.07988997300783693,0.0770256216608102,-0.002864351347026728,0.003880936548330587,10,0,0,0.0024054293936740918
1.5,separated,low,1.5,uniform,correct,exact,0.9514047351756517,0.9512671853423551,0.7950553332235297,0.7898476109388747,0.1563494019521219,0.15621185211882546,-0.00013754983329642423,0.0009067841408947573,10,0,0,0.0005620306333439075
1.5,separated,low,1.5,uniform,correct,noisy,0.9040794839789911,0.9044405796938273,0.7950553332235297,0.7898476109388747,0.10902415075546132,0.10938524647029749,0.000361095714836146,0.001141884912208876,10,0,0,0.0007077476010788461
1.5,separated,low,1.5,uniform,shifted,exact,0.8789074601446248,0.8797799941439516,0.7950553332235297,0.7898476109388747,0.08385212692109509,0.08472466092042188,0.0008725339993267966,0.0038095061540812324,10,0,0,0.002361156376635708
1.5,separated,low,1.5,uniform,shifted,noisy,0.8871602749201319,0.883309372954866,0.7950553332235297,0.7898476109388747,0.09210494169660216,0.08825403973133625,-0.0038509019652659183,0.006877242880502396,10,0,0,0.0042625592988146934
1.5,separated,low,2.0,type-noisy,correct,exact,0.8999245189675135,0.9065752107772758,0.7950553332235297,0.7898476109388747,0.10486918574398367,0.111519877553746,0.00665069180976231,0.013839206204465394,10,0,0,0.00857762887250953
1.5,separated,low,2.0,type-noisy,correct,noisy,0.8821685022917263,0.8877000699615636,0.7950553332235297,0.7898476109388747,0.08711316906819663,0.09264473673803374,0.005531567669837112,0.009931232730956063,10,0,0,0.006155441818994931
1.5,separated,low,2.0,type-noisy,shifted,exact,0.8883212366447453,0.8879792634698875,0.7950553332235297,0.7898476109388747,0.09326590342121553,0.09292393024635781,-0.0003419731748577237,0.002764806864032216,10,0,0,0.0017136450482386166
1.5,separated,low,2.0,type-noisy,shifted,noisy,0.8929388304939048,0.8878274883875384,0.7950553332235297,0.7898476109388747,0.09788349727037506,0.09277215516400864,-0.005111342106366412,0.005165060149146807,10,0,0,0.0032013374473222893
1.5,separated,low,2.0,uniform,correct,exact,0.9089786376008686,0.9089786376008686,0.7950553332235297,0.7898476109388747,0.11392330437733884,0.11392330437733884,0.0,0.0,10,0,0,0.0
1.5,separated,low,2.0,uniform,correct,noisy,0.8998472430166302,0.901881285010848,0.7950553332235297,0.7898476109388747,0.10479190979310052,0.10682595178731828,0.0020340419942177835,0.0048836397024982214,10,0,0,0.003026911247378209
1.5,separated,low,2.0,uniform,shifted,exact,0.8906655928805204,0.8894183208865009,0.7950553332235297,0.7898476109388747,0.09561025965699065,0.09436298766297119,-0.001247271994019461,0.002471493876155459,10,0,0,0.001531847774874635
1.5,separated,low,2.0,uniform,shifted,noisy,0.9079421041915678,0.9065531562627809,0.7950553332235297,0.7898476109388747,0.11288677096803808,0.11149782303925115,-0.001388947928786932,0.0027519236385737606,10,0,0,0.0017056599423712125
1.5,separated,medium,0.5,type-noisy,correct,exact,0.7758870013451864,0.7758870013451864,0.476444847135979,0.4678220812122126,0.2994421542092073,0.2994421542092073,0.0,0.0,10,0,0,0.0
1.5,separated,medium,0.5,type-noisy,correct,noisy,0.7117707126370254,0.7117707126370254,0.476444847135979,0.4678220812122126,0.23532586550104634,0.23532586550104634,0.0,0.0,10,0,0,0.0
1.5,separated,medium,0.5,type-noisy,shifted,exact,0.6211519715880477,0.6211519715880477,0.476444847135979,0.4678220812122126,0.14470712445206863,0.14470712445206863,0.0,0.0,10,0,0,0.0
1.5,separated,medium,0.5,type-noisy,shifted,noisy,0.6094518829989103,0.6094492273744085,0.476444847135979,0.4678220812122126,0.13300703586293125,0.1330043802384295,-2.6556245017572698e-06,8.397822035702798e-06,10,0,0,5.205024023444248e-06
1.5,separated,medium,0.5,uniform,correct,exact,0.7268016787450321,0.7268016787450321,0.476444847135979,0.4678220812122126,0.2503568316090531,0.2503568316090531,0.0,0.0,10,0,0,0.0
1.5,separated,medium,0.5,uniform,correct,noisy,0.7271833403945008,0.7271833403945008,0.476444847135979,0.4678220812122126,0.25073849325852177,0.25073849325852177,0.0,0.0,10,0,0,0.0
1.5,separated,medium,0.5,uniform,shifted,exact,0.5882397648575675,0.5882397648575675,0.476444847135979,0.4678220812122126,0.11179491772158849,0.11179491772158849,0.0,0.0,10,0,0,0.0
1.5,separated,medium,0.5,uniform,shifted,noisy,0.600134452544213,0.6011584389574003,0.476444847135979,0.4678220812122126,0.12368960540823404,0.1247135918214213,0.001023986413187261,0.0032381293587380234,10,0,0,0.0020070133698470317
1.5,separated,medium,1.0,type-noisy,correct,exact,0.893178497737785,0.8931201439663286,0.476444847135979,0.4678220812122126,0.416733650601806,0.41667529683034943,-5.835377145659848e-05,0.0001341320173546488,10,0,0,8.313588567080896e-05
1.5,separated,medium,1.0,type-noisy,correct,noisy,0.9051424332682982,0.9042597805270921,0.476444847135979,0.4678220812122126,0.42869758613231923,0.4278149333911131,-0.0008826527412061247,0.00279119304520251,10,0,0,0.0017299993727640042
1.5,separated,medium,1.0,type-noisy,shifted,exact,0.7393373675058772,0.738496896927378,0.476444847135979,0.4678220812122126,0.2628925203698982,0.26205204979139896,-0.0008404705784992195,0.0026476728227660747,10,0,0,0.0016410446172981496
1.5,separated,medium,1.0,type-noisy,shifted,noisy,0.7463494038644735,0.7436115598355835,0.476444847135979,0.4678220812122126,0.2699045567284944,0.26716671269960446,-0.0027378440288899574,0.005573948919161315,10,0,0,0.0034547693326127675
1.5,separated,medium,1.0,uniform,correct,exact,0.8911005293012144,0.8911005293012144,0.476444847135979,0.4678220812122126,0.4146556821652353,0.4146556821652353,0.0,0.0,10,0,0,0.0
1.5,separated,medium,1.0,uniform,correct,noisy,0.9287383117324033,0.9287383117324033,0.476444847135979,0.4678220812122126,0.4522934645964244,0.4522934645964244,0.0,0.0,10,0,0,0.0
1.5,separated,medium,1.0,uniform,shifted,exact,0.7118347668231154,0.7109665977403627,0.476444847135979,0.4678220812122126,0.23538991968713638,0.23452175060438374,-0.0008681690827526567,0.005565826643376696,10,0,0,0.0034497350939251357
1.5,separated,medium,1.0,uniform,shifted,noisy,0.695951420247348,0.6903020717290043,0.476444847135979,0.4678220812122126,0.219506573111369,0.2138572245930253,-0.0056493485183437,0.01285477910658402,10,0,0,0.007967474635849377
1.5,separated,medium,1.5,type-noisy,correct,exact,0.8766718351511562,0.8902877071538857,0.476444847135979,0.4678220812122126,0.4002269880151772,0.4138428600179066,0.013615872002729424,0.025419895734378122,10,0,0,0.015755414607308147
1.5,separated,medium,1.5,type-noisy,correct,noisy,0.90406446987393,0.9020234529699384,0.476444847135979,0.4678220812122126,0.42761962273795096,0.42557860583395934,-0.0020410169039916546,0.00499603198654447,10,0,0,0.0030965727067451
1.5,separated,medium,1.5,type-noisy,shifted,exact,0.8433168950793984,0.8422026703519974,0.476444847135979,0.4678220812122126,0.3668720479434193,0.3657578232160183,-0.0011142247274010253,0.006119059735179956,10,0,0,0.0037926325167519006
1.5,separated,medium,1.5,type-noisy,shifted,noisy,0.852785355977298,0.8472079265041021,0.476444847135979,0.4678220812122126,0.37634050884131903,0.370763079368123,-0.005577429473195961,0.0067633189050990096,10,0,0,0.004191948487309055
1.5,separated,medium,1.5,uniform,correct,exact,0.9564671552928132,0.9566109560397772,0.476444847135979,0.4678220812122126,0.4800223081568342,0.48016610890379824,0.0001438007469639735,0.0011281916876349238,10,0,0,0.000699260452558334
1.5,separated,medium,1.5,uniform,correct,noisy,0.9311115592575454,0.9306254604216505,0.476444847135979,0.4678220812122126,0.45466671212156634,0.4541806132856715,-0.0004860988358948326,0.0015371794893840843,10,0,0,0.0009527537183538718
1.5,separated,medium,1.5,uniform,shifted,exact,0.838821878673636,0.8401558875800742,0.476444847135979,0.4678220812122126,0.36237703153765694,0.3637110404440952,0.0013340089064382554,0.006441364956962935,10,0,0,0.003992399362861487
1.5,separated,medium,1.5,uniform,shifted,noisy,0.8677095210319296,0.8567859073021069,0.476444847135979,0.4678220812122126,0.39126467389595054,0.3803410601661278,-0.010923613729822767,0.007934894796578409,10,0,0,0.004918098747997218
1.5,separated,medium,2.0,type-noisy,correct,exact,0.9079958985938343,0.9157896853394794,0.476444847135979,0.4678220812122126,0.4315510514578554,0.4393448382035004,0.007793786745645059,0.02428046650058701,10,0,0,0.015049189051481508
1.5,separated,medium,2.0,type-noisy,correct,noisy,0.9056215406111294,0.9057789969681839,0.476444847135979,0.4678220812122126,0.4291766934751503,0.42933414983220475,0.00015745635705446403,0.0030303975008014335,10,0,0,0.0018782598303700342
1.5,separated,medium,2.0,type-noisy,shifted,exact,0.9024682736308565,0.9008652499420491,0.476444847135979,0.4678220812122126,0.42602342649487746,0.42442040280607013,-0.001603023688807359,0.005474885044795895,10,0,0,0.003393368907153011
1.5,separated,medium,2.0,type-noisy,shifted,noisy,0.8992842826279543,0.8930492105001624,0.476444847135979,0.4678220812122126,0.4228394354919753,0.41660436336418344,-0.006235072127791874,0.007556400939660925,10,0,0,0.004683505825021958
1.5,separated,medium,2.0,uniform,correct,exact,0.9284489789774504,0.9284489789774504,0.476444847135979,0.4678220812122126,0.4520041318414714,0.4520041318414714,0.0,0.0,10,0,0,0.0
1.5,separated,medium,2.0,uniform,correct,noisy,0.9284489789774504,0.9284489789774504,0.476444847135979,0.4678220812122126,0.4520041318414714,0.4520041318414714,0.0,0.0,10,0,0,0.0
1.5,separated,medium,2.0,uniform,shifted,exact,0.9210724710703767,0.9190511588186118,0.476444847135979,0.4678220812122126,0.4446276239343977,0.44260631168263276,-0.002021312251764984,0.0047499932232327345,10,0,0,0.0029440763013328934
1.5,separated,medium,2.0,uniform,shifted,noisy,0.9210724710703767,0.9190511588186118,0.476444847135979,0.4678220812122126,0.4446276239343977,0.44260631168263276,-0.002021312251764984,0.0047499932232327345,10,0,0,0.0029440763013328934
2.0,mixed,high,0.5,type-noisy,correct,exact,0.6884827913965496,0.6884827913965496,0.5699950192480452,0.48829424456106674,0.11848777214850433,0.11848777214850433,0.0,0.0,10,0,0,0.0
2.0,mixed,high,0.5,type-noisy,correct,noisy,0.6362234314197032,0.6362234314197032,0.5699950192480452,0.48829424456106674,0.06622841217165791,0.06622841217165791,0.0,0.0,10,0,0,0.0
2.0,mixed,high,0.5,type-noisy,shifted,exact,0.6627873010613758,0.6618879054890663,0.5699950192480452,0.48829424456106674,0.0927922818133306,0.09189288624102104,-0.0008993955723095581,0.00284413852596887,10,0,0,0.0017628153217267338
2.0,mixed,high,0.5,type-noisy,shifted,noisy,0.632358357031401,0.6323833223356228,0.5699950192480452,0.48829424456106674,0.06236333778335573,0.06238830308757755,2.4965304221813423e-05,0.0001257535593472526,10,0,0,7.794286359645317e-05
2.0,mixed,high,0.5,uniform,correct,exact,0.6092939962237247,0.6092939962237247,0.5699950192480452,0.48829424456106674,0.03929897697567954,0.03929897697567954,0.0,0.0,10,0,0,0.0
2.0,mixed,high,0.5,uniform,correct,noisy,0.620656975506068,0.620656975506068,0.5699950192480452,0.48829424456106674,0.05066195625802279,0.05066195625802279,0.0,0.0,10,0,0,0.0
2.0,mixed,high,0.5,uniform,shifted,exact,0.5992912658770837,0.5992912658770837,0.5699950192480452,0.48829424456106674,0.029296246629038458,0.029296246629038458,0.0,0.0,10,0,0,0.0
2.0,mixed,high,0.5,uniform,shifted,noisy,0.6088402812355562,0.6088402812355562,0.5699950192480452,0.48829424456106674,0.038845261987510926,0.038845261987510926,0.0,0.0,10,0,0,0.0
2.0,mixed,high,1.0,type-noisy,correct,exact,0.8926818321135528,0.8926076782898127,0.5699950192480452,0.48829424456106674,0.3226868128655076,0.3226126590417674,-7.41538237401973e-05,0.00023449498022968957,10,0,0,0.0001453414945307867
2.0,mixed,high,1.0,type-noisy,correct,noisy,0.9189277338702005,0.9179737409800485,0.5699950192480452,0.48829424456106674,0.34893271462215525,0.3479787217320031,-0.0009539928901521222,0.0030167904044875226,10,0,0,0.0018698260646981594
2.0,mixed,high,1.0,type-noisy,shifted,exact,0.904511213847646,0.9085280708362726,0.5699950192480452,0.48829424456106674,0.3345161945996008,0.3385330515882274,0.004016856988626649,0.02589178690838387,10,0,0,0.016047895787155594
2.0,mixed,high,1.0,type-noisy,shifted,noisy,0.8695571276934485,0.8659623907581319,0.5699950192480452,0.48829424456106674,0.2995621084454032,0.2959673715100865,-0.0035947369353167224,0.014050482320504987,10,0,0,0.008708579165917843
2.0,mixed,high,1.0,uniform,correct,exact,0.926560001588706,0.926560001588706,0.5699950192480452,0.48829424456106674,0.3565649823406608,0.3565649823406608,0.0,0.0,10,0,0,0.0
2.0,mixed,high,1.0,uniform,correct,noisy,0.9280815379460297,0.9280815379460297,0.5699950192480452,0.48829424456106674,0.35808651869798436,0.35808651869798436,0.0,0.0,10,0,0,0.0
2.0,mixed,high,1.0,uniform,shifted,exact,0.8975860519361751,0.8897860649731726,0.5699950192480452,0.48829424456106674,0.32759103268812984,0.31979104572512745,-0.007799986963002404,0.010213448571084225,10,0,0,0.006330361008925187
2.0,mixed,high,1.0,uniform,shifted,noisy,0.8907886042385048,0.8812089629423012,0.5699950192480452,0.48829424456106674,0.32079358499045957,0.3112139436942559,-0.00957964129620369,0.010629987128448934,10,0,0,0.00658853428153761
2.0,mixed,high,1.5,type-noisy,correct,exact,0.957715645578717,0.9588672509234101,0.5699950192480452,0.48829424456106674,0.38772062633067184,0.3888722316753648,0.0011516053446929298,0.004627290961554294,10,0,0,0.0028680246516251512
2.0,mixed,high,1.5,type-noisy,correct,noisy,0.9547030346683675,0.9589289774924191,0.5699950192480452,0.48829424456106674,0.38470801542032224,0.38893395824437393,0.00422594282405171,0.005989885815986648,10,0,0,0.003712569692159388
2.0,mixed,high,1.5,type-noisy,shifted,exact,0.9559710387911396,0.9561811257524611,0.5699950192480452,0.48829424456106674,0.3859760195430943,0.38618610650441576,0.0002100869613214429,0.004306575993711945,10,0,0,0.0026692434551196134
2.0,mixed,high,1.5,type-noisy,shifted,noisy,0.9522840577056181,0.9523792063005446,0.5699950192480452,0.48829424456106674,0.38228903845757284,0.3823841870524993,9.514859492649741e-05,0.0023728857174641718,10,0,0,0.001470729804916035
2.0,mixed,high,1.5,uniform,correct,exact,0.9460195537370139,0.9464463435029083,0.5699950192480452,0.48829424456106674,0.37602453448896855,0.376451324254863,0.00042678976589445307,0.0013496277422765214,10,0,0,0.000836507941153128
2.0,mixed,high,1.5,uniform,correct,noisy,0.9460478723699364,0.9464746621358309,0.5699950192480452,0.48829424456106674,0.37605285312189113,0.37647964288778557,0.00042678976589445307,0.0013496277422765214,10,0,0,0.000836507941153128
2.0,mixed,high,1.5,uniform,shifted,exact,0.9529616381690309,0.9529616381690309,0.5699950192480452,0.48829424456106674,0.3829666189209856,0.3829666189209856,0.0,0.0,10,0,0,0.0
2.0,mixed,high,1.5,uniform,shifted,noisy,0.9523887188116834,0.9523887188116834,0.5699950192480452,0.48829424456106674,0.3823936995636382,0.3823936995636382,0.0,0.0,10,0,0,0.0
2.0,mixed,high,2.0,type-noisy,correct,exact,0.948945102013006,0.9526410195731874,0.5699950192480452,0.48829424456106674,0.3789500827649608,0.38264600032514207,0.0036959175601812277,0.005850065705253022,10,0,0,0.003625908289686806
2.0,mixed,high,2.0,type-noisy,correct,noisy,0.9502453117016045,0.95412955292513,0.5699950192480452,0.48829424456106674,0.38025029245355924,0.38413453367708483,0.003884241223525586,0.006891842407181642,10,0,0,0.004271608179199788
2.0,mixed,high,2.0,type-noisy,shifted,exact,0.9559310207173208,0.9572688719778117,0.5699950192480452,0.48829424456106674,0.3859360014692756,0.38727385272976655,0.0013378512604909742,0.0028804540050702417,10,0,0,0.0017853238888697275
2.0,mixed,high,2.0,type-noisy,shifted,noisy,0.955221088850777,0.958837384735703,0.5699950192480452,0.48829424456106674,0.38522606960273165,0.3888423654876577,0.0036162958849261127,0.006989102817702729,10,0,0,0.004331890806188077
2.0,mixed,high,2.0,uniform,correct,exact,0.9526508604047873,0.9607382432076064,0.5699950192480452,0.48829424456106674,0.382655841156742,0.390743223959561,0.008087382802819032,0.004759436019206774,10,0,0,0.002949929006913507
2.0,mixed,high,2.0,uniform,correct,noisy,0.9520604919602282,0.9609828636090236,0.5699950192480452,0.48829424456106674,0.38206547271218294,0.39098784436097844,0.008922371648795502,0.004057461502025255,10,0,0,0.0025148406935101494
2.0,mixed,high,2.0,uniform,shifted,exact,0.9551086690793615,0.9576083165997268,0.5699950192480452,0.48829424456106674,0.3851136498313163,0.3876132973516816,0.002499647520365278,0.004894515572513019,10,0,0,0.0030336521814516163
2.0,mixed,high,2.0,uniform,shifted,noisy,0.9545161180716102,0.9568671106176044,0.5699950192480452,0.48829424456106674,0.3845210988235649,0.38687209136955925,0.002350992545994357,0.003183739276485752,10,0,0,0.00197330204760698
2.0,mixed,low,0.5,type-noisy,correct,exact,0.8925912514137689,0.8925912514137689,0.8618016973048398,0.8419725669421008,0.030789554108929074,0.030789554108929074,0.0,0.0,10,0,0,0.0
2.0,mixed,low,0.5,type-noisy,correct,noisy,0.868436746361564,0.868436746361564,0.8618016973048398,0.8419725669421008,0.006635049056724107,0.006635049056724107,0.0,0.0,10,0,0,0.0
2.0,mixed,low,0.5,type-noisy,shifted,exact,0.8802833980967752,0.8802833980967752,0.8618016973048398,0.8419725669421008,0.018481700791935552,0.018481700791935552,0.0,0.0,10,0,0,0.0
2.0,mixed,low,0.5,type-noisy,shifted,noisy,0.8733056637240061,0.873162539210432,0.8618016973048398,0.8419725669421008,0.011503966419166322,0.011360841905592245,-0.00014312451357407775,0.000452599451897772,10,0,0,0.00028052404660519235
2.0,mixed,low,0.5,uniform,correct,exact,0.8724616703148727,0.8724616703148727,0.8618016973048398,0.8419725669421008,0.010659973010032775,0.010659973010032775,0.0,0.0,10,0,0,0.0
2.0,mixed,low,0.5,uniform,correct,noisy,0.8714151074308475,0.8714151074308475,0.8618016973048398,0.8419725669421008,0.009613410126007615,0.009613410126007615,0.0,0.0,10,0,0,0.0
2.0,mixed,low,0.5,uniform,shifted,exact,0.868447022614698,0.868447022614698,0.8618016973048398,0.8419725669421008,0.006645325309858197,0.006645325309858197,0.0,0.0,10,0,0,0.0
2.0,mixed,low,0.5,uniform,shifted,noisy,0.8682242243619032,0.8682242243619032,0.8618016973048398,0.8419725669421008,0.006422527057063287,0.006422527057063287,0.0,0.0,10,0,0,0.0
2.0,mixed,low,1.0,type-noisy,correct,exact,0.9398388145050272,0.9399073945134189,0.8618016973048398,0.8419725669421008,0.07803711720018731,0.07810569720857904,6.858000839173872e-05,0.00021686902847135536,10,0,0,0.0001344168164478079
2.0,mixed,low,1.0,type-noisy,correct,noisy,0.9232829256531895,0.923133367053147,0.8618016973048398,0.8419725669421008,0.06148122834834968,0.06133166974830716,-0.00014955860004252087,0.0007062833548387847,10,0,0,0.00043775895865207114
2.0,mixed,low,1.0,type-noisy,shifted,exact,0.9237961776359327,0.9224229142754619,0.8618016973048398,0.8419725669421008,0.06199448033109297,0.06062121697062193,-0.0013732633604710443,0.004584614389677035,10,0,0,0.002841573438332587
2.0,mixed,low,1.0,type-noisy,shifted,noisy,0.89465324482076,0.8944990350350303,0.8618016973048398,0.8419725669421008,0.032851547515920274,0.03269733773019042,-0.000154209785729853,0.0033894590950970414,10,0,0,0.002100808512190061
2.0,mixed,low,1.0,uniform,correct,exact,0.9530026563166271,0.9530592874776709,0.8618016973048398,0.8419725669421008,0.09120095901178724,0.091257590172831,5.663116104376309e-05,0.00017908345543808982,10,0,0,0.00011099707564577565
2.0,mixed,low,1.0,uniform,correct,noisy,0.9198094181409993,0.9198094181409993,0.8618016973048398,0.8419725669421008,0.058007720836159474,0.058007720836159474,0.0,0.0,10,0,0,0.0
2.0,mixed,low,1.0,uniform,shifted,exact,0.9281410266830449,0.9268677755454069,0.8618016973048398,0.8419725669421008,0.06633932937820498,0.06506607824056707,-0.0012732511376379208,0.0038088718647177134,10,0,0,0.0023607632400151775
2.0,mixed,low,1.0,uniform,shifted,noisy,0.9047740860972757,0.9047231255974422,0.8618016973048398,0.8419725669421008,0.04297238879243598,0.04292142829260235,-5.096049983362994e-05,0.002248209051336106,10,0,0,0.0013934544066519887
2.0,mixed,low,1.5,type-noisy,correct,exact,0.9442379008263291,0.9397340110561874,0.8618016973048398,0.8419725669421008,0.08243620352148937,0.07793231375134761,-0.004503889770141744,0.010016550911296359,10,0,0,0.006208322575031412
2.0,mixed,low,1.5,type-noisy,correct,noisy,0.9233540334903093,0.9213272568483653,0.8618016973048398,0.8419725669421008,0.06155233618546955,0.059525559543525466,-0.0020267766419440835,0.010192099370075824,10,0,0,0.006317128637048569
2.0,mixed,low,1.5,type-noisy,shifted,exact,0.9318280137137902,0.9321162777140977,0.8618016973048398,0.8419725669421008,0.07002631640895048,0.07031458040925785,0.00028826400030738106,0.001222489251839416,10,0,0,0.0007577066883739973
2.0,mixed,low,1.5,type-noisy,shifted,noisy,0.8916697709153409,0.8917179354122174,0.8618016973048398,0.8419725669421008,0.029868073610501134,0.02991623810737769,4.8164496876557106e-05,0.0018673424845878654,10,0,0,0.0011573908628875224
2.0,mixed,low,1.5,uniform,correct,exact,0.9498603693078789,0.9492140492451153,0.8618016973048398,0.8419725669421008,0.08805867200303906,0.08741235194027544,-0.0006463200627636167,0.0030650906959525733,10,0,0,0.0018997628955033513
2.0,mixed,low,1.5,uniform,correct,noisy,0.935378180197714,0.9315156461686348,0.8618016973048398,0.8419725669421008,0.07357648289287419,0.06971394886379494,-0.0038625340290792563,0.0030171039600693484,10,0,0,0.0018700204084612386
2.0,mixed,low,1.5,uniform,shifted,exact,0.9463246805248247,0.9457277258695136,0.8618016973048398,0.8419725669421008,0.08452298321998489,0.08392602856467375,-0.0005969546553111326,0.0012647292167039467,10,0,0,0.0007838872898364482
2.0,mixed,low,1.5,uniform,shifted,noisy,0.8960247836208346,0.8952804529654914,0.8618016973048398,0.8419725669421008,0.03422308631599472,0.033478755660651595,-0.0007443306553431284,0.0038720676363910725,10,0,0,0.0023999323851032115
2.0,mixed,low,2.0,type-noisy,correct,exact,0.9331001970199729,0.9256293569578968,0.8618016973048398,0.8419725669421008,0.07129849971513305,0.06382765965305708,-0.007470840062075967,0.009440788647577853,10,0,0,0.005851461426782911
2.0,mixed,low,2.0,type-noisy,correct,noisy,0.9058334599813657,0.9037930836223081,0.8618016973048398,0.8419725669421008,0.04403176267652594,0.04199138631746827,-0.0020403763590576716,0.01730549851396899,10,0,0,0.010726059104365039
2.0,mixed,low,2.0,type-noisy,shifted,exact,0.9246460857753105,0.9246614686559346,0.8618016973048398,0.8419725669421008,0.06284438847047061,0.06285977135109481,1.5382880624215113e-05,4.864493974699247e-05,10,0,0,3.0150446023461618e-05
2.0,mixed,low,2.0,type-noisy,shifted,noisy,0.8859732717491801,0.8882622650845322,0.8618016973048398,0.8419725669421008,0.02417157444434028,0.026460567779692412,0.0022889933353521298,0.0028447612199559184,10,0,0,0.0017632012714584692
2.0,mixed,low,2.0,uniform,correct,exact,0.940666824607914,0.9274575197123527,0.8618016973048398,0.8419725669421008,0.0788651273030741,0.06565582240751286,-0.013209304895561247,0.005055060618915129,10,0,0,0.0031331590321344817
2.0,mixed,low,2.0,uniform,correct,noisy,0.9026910007396447,0.9013222038334263,0.8618016973048398,0.8419725669421008,0.04088930343480487,0.03952050652858646,-0.0013687969062184057,0.007567622562065631,10,0,0,0.0046904610586468425
2.0,mixed,low,2.0,uniform,shifted,exact,0.9275023553539994,0.9276579858088165,0.8618016973048398,0.8419725669421008,0.06570065804915956,0.0658562885039767,0.000155630454817135,0.0004921467105100703,10,0,0,0.00030503569144158454
2.0,mixed,low,2.0,uniform,shifted,noisy,0.8994353328623814,0.900219188760371,0.8618016973048398,0.8419725669421008,0.03763363555754158,0.03841749145553107,0.0007838558979894938,0.0016953034993167145,10,0,0,0.001050759995086527
2.0,mixed,medium,0.5,type-noisy,correct,exact,0.7664709086081546,0.7664709086081546,0.6865576251869088,0.6165702021831063,0.07991328342124585,0.07991328342124585,0.0,0.0,10,0,0,0.0
2.0,mixed,medium,0.5,type-noisy,correct,noisy,0.7238564216399495,0.7238564216399495,0.6865576251869088,0.6165702021831063,0.037298796453040614,0.037298796453040614,0.0,0.0,10,0,0,0.0
2.0,mixed,medium,0.5,type-noisy,shifted,exact,0.7368373238096668,0.7367451193333284,0.6865576251869088,0.6165702021831063,0.050279698622758086,0.05018749414641969,-9.220447633839779e-05,0.00029157615569243923,10,0,0,0.00018072077362325966
2.0,mixed,medium,0.5,type-noisy,shifted,noisy,0.723456514270184,0.7235694101169438,0.6865576251869088,0.6165702021831063,0.03689888908327523,0.037011784930035006,0.00011289584675977515,0.00035700801413422967,10,0,0,0.00022127585964915928
2.0,mixed,medium,0.5,uniform,correct,exact,0.7133503688673086,0.7133503688673086,0.6865576251869088,0.6165702021831063,0.02679274368039979,0.02679274368039979,0.0,0.0,10,0,0,0.0
2.0,mixed,medium,0.5,uniform,correct,noisy,0.7171525729332001,0.7171525729332001,0.6865576251869088,0.6165702021831063,0.030594947746291356,0.030594947746291356,0.0,0.0,10,0,0,0.0
2.0,mixed,medium,0.5,uniform,shifted,exact,0.7059344256956841,0.7059344256956841,0.6865576251869088,0.6165702021831063,0.019376800508775337,0.019376800508775337,0.0,0.0,10,0,0,0.0
2.0,mixed,medium,0.5,uniform,shifted,noisy,0.7061459321014915,0.7061459321014915,0.6865576251869088,0.6165702021831063,0.019588306914582698,0.019588306914582698,0.0,0.0,10,0,0,0.0
2.0,mixed,medium,1.0,type-noisy,correct,exact,0.903727023324322,0.9030844721766528,0.6865576251869088,0.6165702021831063,0.21716939813741334,0.21652684698974395,-0.000642551147669379,0.0020319251397904305,10,0,0,0.0012594002494319826
2.0,mixed,medium,1.0,type-noisy,correct,noisy,0.911455774494117,0.9107135141016857,0.6865576251869088,0.6165702021831063,0.22489814930720825,0.22415588891477692,-0.0007422603924313598,0.002347233457013503,10,0,0,0.0014548303691654647
2.0,mixed,medium,1.0,type-noisy,shifted,exact,0.8754402388062074,0.8783330499449906,0.6865576251869088,0.6165702021831063,0.18888261361929856,0.19177542475808193,0.0028928111387833575,0.0189760240417188,10,0,0,0.011761461553565304
2.0,mixed,medium,1.0,type-noisy,shifted,noisy,0.8624709607810374,0.8580922170606196,0.6865576251869088,0.6165702021831063,0.17591333559412856,0.17153459187371073,-0.004378743720417822,0.009367062505127905,10,0,0,0.0058057654902678975
2.0,mixed,medium,1.0,uniform,correct,exact,0.9205671739495955,0.9205897191125235,0.6865576251869088,0.6165702021831063,0.23400954876268681,0.23403209392561478,2.254516292794495e-05,7.129406507189665e-05,10,0,0,4.4188519338772105e-05
2.0,mixed,medium,1.0,uniform,correct,noisy,0.9116595496722665,0.9104956156978297,0.6865576251869088,0.6165702021831063,0.22510192448535782,0.2239379905109209,-0.0011639339744369038,0.0036806824052728142,10,0,0,0.0022813105898963314
2.0,mixed,medium,1.0,uniform,shifted,exact,0.8705422836479728,0.8651440985897645,0.6865576251869088,0.6165702021831063,0.18398465846106418,0.17858647340285577,-0.005398185058208438,0.013212387687431524,10,0,0,0.008189122730603899
2.0,mixed,medium,1.0,uniform,shifted,noisy,0.8592882675997217,0.8577252948168381,0.6865576251869088,0.6165702021831063,0.17273064241281302,0.1711676696299293,-0.0015629727828837092,0.008893869395951683,10,0,0,0.005512477362641556
2.0,mixed,medium,1.5,type-noisy,correct,exact,0.931074707653028,0.9257183232944886,0.6865576251869088,0.6165702021831063,0.24451708246611928,0.23916069810757992,-0.005356384358539357,0.015949233197880348,10,0,0,0.009885437152340687
2.0,mixed,medium,1.5,type-noisy,correct,noisy,0.9363688708946208,0.9415897353018551,0.6865576251869088,0.6165702021831063,0.24981124570771204,0.25503211011494625,0.005220864407234205,0.01622505528164321,10,0,0,0.01005639345101891
2.0,mixed,medium,1.5,type-noisy,shifted,exact,0.9334076378608651,0.934316482034111,0.6865576251869088,0.6165702021831063,0.24685001267395643,0.24775885684720222,0.0009088441732457708,0.004132572628337859,10,0,0,0.0025613950519167623
2.0,mixed,medium,1.5,type-noisy,shifted,noisy,0.923670615130973,0.920935054352619,0.6865576251869088,0.6165702021831063,0.23711298994406435,0.2343774291657103,-0.0027355607783540736,0.0080511855542763,10,0,0,0.004990176506367029
2.0,mixed,medium,1.5,uniform,correct,exact,0.9490052850462684,0.9458127078965408,0.6865576251869088,0.6165702021831063,0.26244765985935964,0.25925508270963205,-0.003192577149727582,0.007741590525924215,10,0,0,0.004798287519763059
2.0,mixed,medium,1.5,uniform,correct,noisy,0.9476377630111802,0.9441979849472982,0.6865576251869088,0.6165702021831063,0.2610801378242716,0.2576403597603896,-0.0034397780638819597,0.007478427911437921,10,0,0,0.0046351776414338824
2.0,mixed,medium,1.5,uniform,shifted,exact,0.9551763296311785,0.9539045345666821,0.6865576251869088,0.6165702021831063,0.26861870444426983,0.26734690937977346,-0.001271795064496406,0.003871505446512251,10,0,0,0.002399583936206276
2.0,mixed,medium,1.5,uniform,shifted,noisy,0.9379202200418195,0.9366542432808579,0.6865576251869088,0.6165702021831063,0.2513625948549107,0.2500966180939491,-0.001265976760961629,0.003865622745369419,10,0,0,0.0023959378002628125
2.0,mixed,medium,2.0,type-noisy,correct,exact,0.9362824630046036,0.932764739214929,0.6865576251869088,0.6165702021831063,0.24972483781769497,0.2462071140280202,-0.003517723789674754,0.024235338054317043,10,0,0,0.015021218150695893
2.0,mixed,medium,2.0,type-noisy,correct,noisy,0.9364725316969098,0.9381229117157472,0.6865576251869088,0.6165702021831063,0.24991490651000112,0.2515652865288385,0.001650380018837405,0.018517349103799104,10,0,0,0.01147717188171064
2.0,mixed,medium,2.0,type-noisy,shifted,exact,0.9336689768563593,0.9355327865569887,0.6865576251869088,0.6165702021831063,0.24711135166945059,0.2489751613700799,0.0018638097006293374,0.005965230923733997,10,0,0,0.0036972884316224417
2.0,mixed,medium,2.0,type-noisy,shifted,noisy,0.9137545931158618,0.9085390269891125,0.6865576251869088,0.6165702021831063,0.22719696792895303,0.22198140180220371,-0.005215566126749327,0.015094543628462515,10,0,0,0.009355695068917896
2.0,mixed,medium,2.0,uniform,correct,exact,0.952950877567418,0.9362127837711952,0.6865576251869088,0.6165702021831063,0.26639325238050937,0.2496551585842866,-0.0167380937962228,0.0206510390672977,10,0,0,0.012799646622348873
2.0,mixed,medium,2.0,uniform,correct,noisy,0.9444130502370987,0.92069068798186,0.6865576251869088,0.6165702021831063,0.25785542505019,0.2341330627949513,-0.02372236225523864,0.01857322198946599,10,0,0,0.011511802255028732
2.0,mixed,medium,2.0,uniform,shifted,exact,0.9388871941822696,0.9383353361540783,0.6865576251869088,0.6165702021831063,0.25232956899536096,0.25177771096716955,-0.0005518580281914431,0.002269925350525961,10,0,0,0.001406914308338752
2.0,mixed,medium,2.0,uniform,shifted,noisy,0.9289265435897374,0.9270382127271193,0.6865576251869088,0.6165702021831063,0.24236891840282873,0.24048058754021043,-0.0018883308626182927,0.004034040530862778,10,0,0,0.002500324225188386
2.0,reverse,high,0.5,type-noisy,correct,exact,0.9765194273519742,0.9765194273519742,0.9739969141006354,0.9759804604118688,0.0025225132513387984,0.0025225132513387984,0.0,0.0,10,0,0,0.0
2.0,reverse,high,0.5,type-noisy,correct,noisy,0.9748961671888523,0.9748961671888523,0.9739969141006354,0.9759804604118688,0.0008992530882170558,0.0008992530882170558,0.0,0.0,10,0,0,0.0
2.0,reverse,high,0.5,type-noisy,shifted,exact,0.9728006414994974,0.9724049782645535,0.9739969141006354,0.9759804604118688,-0.00119627260113796,-0.0015919358360817592,-0.0003956632349437994,0.0015923130117669554,10,0,0,0.0009869258295607901
2.0,reverse,high,0.5,type-noisy,shifted,noisy,0.9714839353098398,0.9707934659499337,0.9739969141006354,0.9759804604118688,-0.002512978790795506,-0.003203448150701582,-0.0006904693599060763,0.0011835245017272223,10,0,0,0.0007335560860464858
2.0,reverse,high,0.5,uniform,correct,exact,0.9754995636704157,0.9754995636704157,0.9739969141006354,0.9759804604118688,0.001502649569780401,0.001502649569780401,0.0,0.0,10,0,0,0.0
2.0,reverse,high,0.5,uniform,correct,noisy,0.9746854468020087,0.9746854468020087,0.9739969141006354,0.9759804604118688,0.0006885327013733788,0.0006885327013733788,0.0,0.0,10,0,0,0.0
2.0,reverse,high,0.5,uniform,shifted,exact,0.9741146567986455,0.9742309298006099,0.9739969141006354,0.9759804604118688,0.00011774269801015925,0.00023401569997465453,0.0001162730019644953,0.00032512188093401805,10,0,0,0.00020151262953827553
2.0,reverse,high,0.5,uniform,shifted,noisy,0.9731545947990259,0.9731544373420584,0.9739969141006354,0.9759804604118688,-0.0008423193016093733,-0.0008424767585768156,-1.574569674422932e-07,4.979226505806236e-07,10,0,0,3.086156561868947e-07
2.0,reverse,high,1.0,type-noisy,correct,exact,0.9780976762210806,0.9780976762210806,0.9739969141006354,0.9759804604118688,0.004100762120445167,0.004100762120445167,0.0,0.0,10,0,0,0.0
2.0,reverse,high,1.0,type-noisy,correct,noisy,0.9741797841842311,0.9741797841842311,0.9739969141006354,0.9759804604118688,0.00018287008359592073,0.00018287008359592073,0.0,0.0,10,0,0,0.0
2.0,reverse,high,1.0,type-noisy,shifted,exact,0.9553147327726057,0.9571251905545554,0.9739969141006354,0.9759804604118688,-0.018682181328029658,-0.01687172354608,0.0018104577819496592,0.012234873857128794,10,0,0,0.007583253381581796
2.0,reverse,high,1.0,type-noisy,shifted,noisy,0.9555375421120498,0.9588655257463501,0.9739969141006354,0.9759804604118688,-0.01845937198858545,-0.015131388354285236,0.0033279836343002136,0.005508943278016602,10,0,0,0.003414478418804505
2.0,reverse,high,1.0,uniform,correct,exact,0.9826530339221261,0.9826530339221261,0.9739969141006354,0.9759804604118688,0.008656119821490848,0.008656119821490848,0.0,0.0,10,0,0,0.0
2.0,reverse,high,1.0,uniform,correct,noisy,0.97445074559568,0.97445074559568,0.9739969141006354,0.9759804604118688,0.0004538314950447098,0.0004538314950447098,0.0,0.0,10,0,0,0.0
2.0,reverse,high,1.0,uniform,shifted,exact,0.9739969141006354,0.9666001864080135,0.9739969141006354,0.9759804604118688,0.0,-0.007396727692621785,-0.007396727692621785,0.0035566381266991416,10,0,0,0.0022044271494993067
2.0,reverse,high,1.0,uniform,shifted,noisy,0.9739969141006354,0.9669753157676355,0.9739969141006354,0.9759804604118688,0.0,-0.007021598332999734,-0.007021598332999734,0.0030115981339816854,10,0,0,0.0018666078620970317
2.0,reverse,high,1.5,type-noisy,correct,exact,0.9759925384966973,0.9759051834105785,0.9739969141006354,0.9759804604118688,0.001995624396062079,0.001908269309943178,-8.735508611890097e-05,0.00027624103733588545,10,0,0,0.00017121596879304587
2.0,reverse,high,1.5,type-noisy,correct,noisy,0.9727758300018599,0.9727070209869616,0.9739969141006354,0.9759804604118688,-0.0012210840987754823,-0.0012898931136736235,-6.880901489814129e-05,0.00047649140752238704,10,0,0,0.00029533243412096545
2.0,reverse,high,1.5,type-noisy,shifted,exact,0.9186116789861425,0.928910979648008,0.9739969141006354,0.9759804604118688,-0.05538523511449277,-0.04508593445262728,0.010299300661865496,0.00900559268662385,10,0,0,0.005581724175619322
2.0,reverse,high,1.5,type-noisy,shifted,noisy,0.9267808391738992,0.9359018678782803,0.9739969141006354,0.9759804604118688,-0.04721607492673613,-0.038095046222354934,0.009121028704381196,0.009142814189746473,10,0,0,0.005666774944407924
2.0,reverse,high,1.5,uniform,correct,exact,0.9739969141006354,0.9739969141006354,0.9739969141006354,0.9759804604118688,0.0,0.0,0.0,0.0,10,0,0,0.0
2.0,reverse,high,1.5,uniform,correct,noisy,0.9739969141006354,0.9739969141006354,0.9739969141006354,0.9759804604118688,0.0,0.0,0.0,0.0,10,0,0,0.0
2.0,reverse,high,1.5,uniform,shifted,exact,0.9128843860124632,0.9229472624325018,0.9739969141006354,0.9759804604118688,-0.061112528088171955,-0.051049651668133564,0.010062876420038391,0.0047175709011767104,10,0,0,0.0029239807379260975
2.0,reverse,high,1.5,uniform,shifted,noisy,0.9128843860124632,0.9229472624325018,0.9739969141006354,0.9759804604118688,-0.061112528088171955,-0.051049651668133564,0.010062876420038391,0.0047175709011767104,10,0,0,0.0029239807379260975
2.0,reverse,high,2.0,type-noisy,correct,exact,0.970130616554257,0.969970354397738,0.9739969141006354,0.9759804604118688,-0.0038662975463781835,-0.00402655970289727,-0.00016026215651908647,0.0005067934373307153,10,0,0,0.0003141138267774094
2.0,reverse,high,2.0,type-noisy,correct,noisy,0.9721331296082123,0.9721331296082123,0.9739969141006354,0.9759804604118688,-0.0018637844924228818,-0.0018637844924228818,0.0,0.0,10,0,0,0.0
2.0,reverse,high,2.0,type-noisy,shifted,exact,0.9140147252674247,0.9207310292971164,0.9739969141006354,0.9759804604118688,-0.05998218883321058,-0.053265884803519,0.0067163040296915775,0.008903192658640108,10,0,0,0.005518255980724175
2.0,reverse,high,2.0,type-noisy,shifted,noisy,0.9164448204228659,0.923149492570243,0.9739969141006354,0.9759804604118688,-0.057552093677769325,-0.05084742153039229,0.006704672147377033,0.0080669789416068,10,0,0,0.00499996534925002
2.0,reverse,high,2.0,uniform,correct,exact,0.9739969141006354,0.9739969141006354,0.9739969141006354,0.9759804604118688,0.0,0.0,0.0,0.0,10,0,0,0.0
2.0,reverse,high,2.0,uniform,correct,noisy,0.9739969141006354,0.9739969141006354,0.9739969141006354,0.9759804604118688,0.0,0.0,0.0,0.0,10,0,0,0.0
2.0,reverse,high,2.0,uniform,shifted,exact,0.9128843860124632,0.9142218903001467,0.9739969141006354,0.9759804604118688,-0.061112528088171955,-0.05977502380048853,0.001337504287683422,0.0020993550376209383,10,0,0,0.0013011937331012054
2.0,reverse,high,2.0,uniform,shifted,noisy,0.9128843860124632,0.9158556078781132,0.9739969141006354,0.9759804604118688,-0.061112528088171955,-0.05814130622252213,0.0029712218656498313,0.004846243371115771,10,0,0,0.0030037327610508255
2.0,reverse,low,0.5,type-noisy,correct,exact,0.9677371658115934,0.9677371658115934,0.9635372534651265,0.9635372534651265,0.00419991234646695,0.00419991234646695,0.0,0.0,10,0,0,0.0
2.0,reverse,low,0.5,type-noisy,correct,noisy,0.965016059579075,0.965016059579075,0.9635372534651265,0.9635372534651265,0.0014788061139485054,0.0014788061139485054,0.0,0.0,10,0,0,0.0
2.0,reverse,low,0.5,type-noisy,shifted,exact,0.9612799348583204,0.9599199263591067,0.9635372534651265,0.9635372534651265,-0.0022573186068062245,-0.003617327106019774,-0.0013600084992135496,0.0028095755730499256,10,0,0,0.0017413929815652681
2.0,reverse,low,0.5,type-noisy,shifted,noisy,0.9607192929316415,0.9607268410104443,0.9635372534651265,0.9635372534651265,-0.002817960533485042,-0.002810412454682243,7.5480788027992855e-06,0.000780549940409911,10,0,0,0.00048378986528398816
2.0,reverse,low,0.5,uniform,correct,exact,0.9658984346452021,0.9658984346452021,0.9635372534651265,0.9635372534651265,0.0023611811800755113,0.0023611811800755113,0.0,0.0,10,0,0,0.0
2.0,reverse,low,0.5,uniform,correct,noisy,0.9647604513543158,0.9647604513543158,0.9635372534651265,0.9635372534651265,0.0012231978891891538,0.0012231978891891538,0.0,0.0,10,0,0,0.0
2.0,reverse,low,0.5,uniform,shifted,exact,0.9627762198320002,0.9627762198320002,0.9635372534651265,0.9635372534651265,-0.0007610336331261957,-0.0007610336331261957,0.0,0.0,10,0,0,0.0
2.0,reverse,low,0.5,uniform,shifted,noisy,0.9625947178081591,0.9625947178081591,0.9635372534651265,0.9635372534651265,-0.0009425356569674581,-0.0009425356569674581,0.0,0.0,10,0,0,0.0
2.0,reverse,low,1.0,type-noisy,correct,exact,0.9692501552413171,0.9692501552413171,0.9635372534651265,0.9635372534651265,0.005712901776190516,0.005712901776190516,0.0,0.0,10,0,0,0.0
2.0,reverse,low,1.0,type-noisy,correct,noisy,0.9584915866736357,0.9582439855382351,0.9635372534651265,0.9635372534651265,-0.005045666791491011,-0.00529326792689141,-0.0002476011354003993,0.0005348054502841336,10,0,0,0.00033147585228208206
2.0,reverse,low,1.0,type-noisy,shifted,exact,0.9207104706458018,0.9360905318003571,0.9635372534651265,0.9635372534651265,-0.042826782819324685,-0.027446721664769448,0.015380061154555235,0.034528849703591526,10,0,0,0.021401202769599892
2.0,reverse,low,1.0,type-noisy,shifted,noisy,0.9409803083537163,0.9510138759033641,0.9635372534651265,0.9635372534651265,-0.022556945111410265,-0.012523377561762517,0.010033567549647748,0.020839591279549655,10,0,0,0.012916512494270489
2.0,reverse,low,1.0,uniform,correct,exact,0.975669670976479,0.975669670976479,0.9635372534651265,0.9635372534651265,0.012132417511352578,0.012132417511352578,0.0,0.0,10,0,0,0.0
2.0,reverse,low,1.0,uniform,correct,noisy,0.9563410686192746,0.9563767199470735,0.9635372534651265,0.9635372534651265,-0.0071961848458519054,-0.007160533518052958,3.5651327798946754e-05,0.00011273939745394923,10,0,0,6.987660248593563e-05
2.0,reverse,low,1.0,uniform,shifted,exact,0.9635372534651265,0.9392959761910167,0.9635372534651265,0.9635372534651265,0.0,-0.024241277274109862,-0.024241277274109862,0.005137700689681177,10,0,0,0.0031843798786596504
2.0,reverse,low,1.0,uniform,shifted,noisy,0.9635372534651265,0.9477229624198495,0.9635372534651265,0.9635372534651265,0.0,-0.01581429104527706,-0.01581429104527706,0.010592639956954222,10,0,0,0.006565386264824322
2.0,reverse,low,1.5,type-noisy,correct,exact,0.9653615505552112,0.9653615505552112,0.9635372534651265,0.9635372534651265,0.0018242970900847477,0.0018242970900847477,0.0,0.0,10,0,0,0.0
2.0,reverse,low,1.5,type-noisy,correct,noisy,0.9603503735426997,0.9621106943745532,0.9635372534651265,0.9635372534651265,-0.0031868799224268884,-0.0014265590905732871,0.0017603208318536013,0.005567151974502274,10,0,0,0.0034505565426672415
2.0,reverse,low,1.5,type-noisy,shifted,exact,0.8702655237914951,0.9312708290423701,0.9635372534651265,0.9635372534651265,-0.09327172967363132,-0.03226642442275644,0.061005305250874865,0.019298305777397003,10,0,0,0.011961213842836337
2.0,reverse,low,1.5,type-noisy,shifted,noisy,0.9142376790601832,0.9464423111146661,0.9635372534651265,0.9635372534651265,-0.049299574404943335,-0.017094942350460374,0.032204632054482964,0.02657636014422022,10,0,0,0.01647219867464075
2.0,reverse,low,1.5,uniform,correct,exact,0.9635372534651265,0.9635372534651265,0.9635372534651265,0.9635372534651265,0.0,0.0,0.0,0.0,10,0,0,0.0
2.0,reverse,low,1.5,uniform,correct,noisy,0.959292468256024,0.959347241705087,0.9635372534651265,0.9635372534651265,-0.004244785209102553,-0.004190011760039558,5.477344906299475e-05,0.0005817994726633672,10,0,0,0.0003606030491198175
2.0,reverse,low,1.5,uniform,shifted,exact,0.8516878416581685,0.9257375101481481,0.9635372534651265,0.9635372534651265,-0.11184941180695804,-0.0377997433169784,0.07404966848997964,0.010642592732059529,10,0,0,0.006596347315600991
2.0,reverse,low,1.5,uniform,shifted,noisy,0.9182179786559358,0.9489221694528096,0.9635372534651265,0.9635372534651265,-0.045319274809190846,-0.01461508401231697,0.030704190796873875,0.018630299279175644,10,0,0,0.011547179125706486
2.0,reverse,low,2.0,type-noisy,correct,exact,0.9625049417178972,0.9625049417178972,0.9635372534651265,0.9635372534651265,-0.0010323117472293309,-0.0010323117472293309,0.0,0.0,10,0,0,0.0
2.0,reverse,low,2.0,type-noisy,correct,noisy,0.9376032354307802,0.9422453028525919,0.9635372534651265,0.9635372534651265,-0.025934018034346494,-0.021291950612534704,0.004642067421811791,0.0107079376423822,10,0,0,0.0066368485106243335
2.0,reverse,low,2.0,type-noisy,shifted,exact,0.8706917261982008,0.9171876649622266,0.9635372534651265,0.9635372534651265,-0.09284552726692577,-0.046349588502899865,0.0464959387640259,0.027052216110008458,10,0,0,0.016767137257894468
2.0,reverse,low,2.0,type-noisy,shifted,noisy,0.9026436466158365,0.9269155230730697,0.9635372534651265,0.9635372534651265,-0.060893606849289975,-0.03662173039205692,0.024271876457233055,0.023634554507151944,10,0,0,0.0146488486502957
2.0,reverse,low,2.0,uniform,correct,exact,0.9635372534651265,0.9635372534651265,0.9635372534651265,0.9635372534651265,0.0,0.0,0.0,0.0,10,0,0,0.0
2.0,reverse,low,2.0,uniform,correct,noisy,0.9459256587271453,0.9483326305428147,0.9635372534651265,0.9635372534651265,-0.01761159473798126,-0.015204622922311884,0.0024069718156693788,0.005110854866319962,10,0,0,0.0031677406649527865
2.0,reverse,low,2.0,uniform,shifted,exact,0.8764140339202159,0.9390142752002308,0.9635372534651265,0.9635372534651265,-0.08712321954491056,-0.02452297826489567,0.0626002412800149,0.008733179803764195,10,0,0,0.0054128809215527275
2.0,reverse,low,2.0,uniform,shifted,noisy,0.9101498087506776,0.9484489305520791,0.9635372534651265,0.9635372534651265,-0.05338744471444895,-0.01508832291304738,0.03829912180140157,0.026912068066552317,10,0,0,0.016680272600614686
2.0,reverse,medium,0.5,type-noisy,correct,exact,0.9701852822289144,0.9701852822289144,0.966878225769684,0.966878225769684,0.003307056459230373,0.003307056459230373,0.0,0.0,10,0,0,0.0
2.0,reverse,medium,0.5,type-noisy,correct,noisy,0.9676082431184589,0.9676082431184589,0.966878225769684,0.966878225769684,0.0007300173487748696,0.0007300173487748696,0.0,0.0,10,0,0,0.0
2.0,reverse,medium,0.5,type-noisy,shifted,exact,0.9646226304919792,0.9631982655126388,0.966878225769684,0.966878225769684,-0.0022555952777050135,-0.003679960257045245,-0.0014243649793402313,0.0026391903395610486,10,0,0,0.0016357871197383161
2.0,reverse,medium,0.5,type-noisy,shifted,noisy,0.9641748055067897,0.9640076283521818,0.966878225769684,0.966878225769684,-0.0027034202628943072,-0.002870597417502163,-0.000167177154607856,0.0011973179918509237,10,0,0,0.000742105379798577
2.0,reverse,medium,0.5,uniform,correct,exact,0.968793606862674,0.968793606862674,0.966878225769684,0.966878225769684,0.0019153810929899318,0.0019153810929899318,0.0,0.0,10,0,0,0.0
2.0,reverse,medium,0.5,uniform,correct,noisy,0.9671605279499804,0.9671605279499804,0.966878225769684,0.966878225769684,0.00028230218029627884,0.00028230218029627884,0.0,0.0,10,0,0,0.0
2.0,reverse,medium,0.5,uniform,shifted,exact,0.9663615826169426,0.9663615826169426,0.966878225769684,0.966878225769684,-0.0005166431527414362,-0.0005166431527414362,0.0,0.0,10,0,0,0.0
2.0,reverse,medium,0.5,uniform,shifted,noisy,0.9654540185180107,0.9654540185180107,0.966878225769684,0.966878225769684,-0.0014242072516733705,-0.0014242072516733705,0.0,0.0,10,0,0,0.0
2.0,reverse,medium,1.0,type-noisy,correct,exact,0.9719354325127508,0.9719354325127508,0.966878225769684,0.966878225769684,0.0050572067430667555,0.0050572067430667555,0.0,0.0,10,0,0,0.0
2.0,reverse,medium,1.0,type-noisy,correct,noisy,0.967899615916304,0.9678083163251442,0.966878225769684,0.966878225769684,0.0010213901466199714,0.0009300905554600614,-9.129959115991015e-05,0.0002887146575074903,10,0,0,0.00017894719867342387
2.0,reverse,medium,1.0,type-noisy,shifted,exact,0.9298388412941094,0.9496259141205151,0.966878225769684,0.966878225769684,-0.03703938447557461,-0.01725231164916896,0.019787072826405648,0.035687631328664045,10,0,0,0.022119423061812055
2.0,reverse,medium,1.0,type-noisy,shifted,noisy,0.9316088081544542,0.9509538574047982,0.966878225769684,0.966878225769684,-0.035269417615229726,-0.01592436836488592,0.019345049250343804,0.029156173555325092,10,0,0,0.018071183592839334
2.0,reverse,medium,1.0,uniform,correct,exact,0.9778998825396462,0.9778998825396462,0.966878225769684,0.966878225769684,0.011021656769962206,0.011021656769962206,0.0,0.0,10,0,0,0.0
2.0,reverse,medium,1.0,uniform,correct,noisy,0.9682653048194743,0.9682653048194743,0.966878225769684,0.966878225769684,0.0013870790497902408,0.0013870790497902408,0.0,0.0,10,0,0,0.0
2.0,reverse,medium,1.0,uniform,shifted,exact,0.966878225769684,0.9539596722382665,0.966878225769684,0.966878225769684,0.0,-0.012918553531417598,-0.012918553531417598,0.0039057098482516888,10,0,0,0.002420784044044285
2.0,reverse,medium,1.0,uniform,shifted,noisy,0.966878225769684,0.9546166962053508,0.966878225769684,0.966878225769684,0.0,-0.012261529564333217,-0.012261529564333217,0.002653378980429475,10,0,0,0.0016445813304594061
2.0,reverse,medium,1.5,type-noisy,correct,exact,0.968902961477719,0.968902961477719,0.966878225769684,0.966878225769684,0.002024735708034986,0.002024735708034986,0.0,0.0,10,0,0,0.0
2.0,reverse,medium,1.5,type-noisy,correct,noisy,0.9666675853913427,0.9668387199280906,0.966878225769684,0.966878225769684,-0.00021064037834137573,-3.950584159349013e-05,0.0001711345367478856,0.0005411749224411032,10,0,0,0.0003354236920258557
2.0,reverse,medium,1.5,type-noisy,shifted,exact,0.8598367239161171,0.9333908572775638,0.966878225769684,0.966878225769684,-0.10704150185356706,-0.033487368492120285,0.07355413336144678,0.022052099382719476,10,0,0,0.013668032802606195
2.0,reverse,medium,1.5,type-noisy,shifted,noisy,0.8740025051154307,0.9457419196176187,0.966878225769684,0.966878225769684,-0.0928757206542533,-0.021136306152065364,0.07173941450218793,0.03166162479363793,10,0,0,0.019624078358832682
2.0,reverse,medium,1.5,uniform,correct,exact,0.966878225769684,0.966878225769684,0.966878225769684,0.966878225769684,0.0,0.0,0.0,0.0,10,0,0,0.0
2.0,reverse,medium,1.5,uniform,correct,noisy,0.9664273562934683,0.9664273562934683,0.966878225769684,0.966878225769684,-0.0004508694762157317,-0.0004508694762157317,0.0,0.0,10,0,0,0.0
2.0,reverse,medium,1.5,uniform,shifted,exact,0.8418301605840531,0.9367493995444699,0.966878225769684,0.966878225769684,-0.125048065185631,-0.030128826225214102,0.0949192389604169,0.007493647088702453,10,0,0,0.0046446105852307575
2.0,reverse,medium,1.5,uniform,shifted,noisy,0.8487546592221941,0.9393780524176092,0.966878225769684,0.966878225769684,-0.11812356654748994,-0.027500173352074785,0.09062339319541515,0.015922806185801157,10,0,0,0.009869057520555776
2.0,reverse,medium,2.0,type-noisy,correct,exact,0.9641761691412902,0.9641032755301339,0.966878225769684,0.966878225769684,-0.002702056628393823,-0.0027749502395501445,-7.289361115632164e-05,0.00023050983812863648,10,0,0,0.0001428714778663904
2.0,reverse,medium,2.0,type-noisy,correct,noisy,0.9656262241094715,0.9656262241094715,0.966878225769684,0.966878225769684,-0.0012520016602125318,-0.0012520016602125318,0.0,0.0,10,0,0,0.0
2.0,reverse,medium,2.0,type-noisy,shifted,exact,0.8520414213595735,0.8998798171336455,0.966878225769684,0.966878225769684,-0.1148368044101106,-0.06699840863603859,0.04783839577407199,0.040954536810668046,10,0,0,0.025383884900428144
2.0,reverse,medium,2.0,type-noisy,shifted,noisy,0.8569972776935023,0.8981992435083905,0.966878225769684,0.966878225769684,-0.10988094807618173,-0.06867898226129363,0.04120196581488812,0.03348865300263796,10,0,0,0.020756482174837054
2.0,reverse,medium,2.0,uniform,correct,exact,0.966878225769684,0.966878225769684,0.966878225769684,0.966878225769684,0.0,0.0,0.0,0.0,10,0,0,0.0
2.0,reverse,medium,2.0,uniform,correct,noisy,0.966878225769684,0.966878225769684,0.966878225769684,0.966878225769684,0.0,0.0,0.0,0.0,10,0,0,0.0
2.0,reverse,medium,2.0,uniform,shifted,exact,0.8601679445651674,0.9044563254991994,0.966878225769684,0.966878225769684,-0.10671028120451664,-0.06242190027048474,0.0442883809340319,0.006952009483515677,10,0,0,0.004308900119468066
2.0,reverse,medium,2.0,uniform,shifted,noisy,0.8613429811402652,0.9060981959868231,0.966878225769684,0.966878225769684,-0.10553524462941895,-0.06078002978286088,0.04475521484655807,0.0055591871222576495,10,0,0,0.0034456198761005767
2.0,separated,high,0.5,type-noisy,correct,exact,0.6641932766186905,0.6641932766186905,0.18236126407304626,0.17465632338667778,0.48183201254564434,0.48183201254564434,0.0,0.0,10,0,0,0.0
2.0,separated,high,0.5,type-noisy,correct,noisy,0.5556298954532619,0.5556298954532619,0.18236126407304626,0.17465632338667778,0.37326863138021565,0.37326863138021565,0.0,0.0,10,0,0,0.0
2.0,separated,high,0.5,type-noisy,shifted,exact,0.4804942944923047,0.4824250607178837,0.18236126407304626,0.17465632338667778,0.2981330304192585,0.3000637966448375,0.001930766225579028,0.006105618902156182,10,0,0,0.003784301802134895
2.0,separated,high,0.5,type-noisy,shifted,noisy,0.45635858693307096,0.4510410362169977,0.18236126407304626,0.17465632338667778,0.27399732286002465,0.2686797721439514,-0.005317550716073266,0.009297968766142263,10,0,0,0.005762940747166545
2.0,separated,high,0.5,uniform,correct,exact,0.5795949646215884,0.5795949646215884,0.18236126407304626,0.17465632338667778,0.3972337005485421,0.3972337005485421,0.0,0.0,10,0,0,0.0
2.0,separated,high,0.5,uniform,correct,noisy,0.5832391851007396,0.5832391851007396,0.18236126407304626,0.17465632338667778,0.4008779210276933,0.4008779210276933,0.0,0.0,10,0,0,0.0
2.0,separated,high,0.5,uniform,shifted,exact,0.48648292391557935,0.4864976735600811,0.18236126407304626,0.17465632338667778,0.3041216598425331,0.3041364094870348,1.4749644501749205e-05,4.6642471303306866e-05,10,0,0,2.8909303223428433e-05
2.0,separated,high,0.5,uniform,shifted,noisy,0.4397883445535321,0.4378245166869245,0.18236126407304626,0.17465632338667778,0.2574270804804858,0.2554632526138783,-0.001963827866607537,0.004144058812339168,10,0,0,0.002568514262518075
2.0,separated,high,1.0,type-noisy,correct,exact,0.8926307529393209,0.8925565991155808,0.18236126407304626,0.17465632338667778,0.7102694888662747,0.7101953350425345,-7.41538237401973e-05,0.00023449498022968957,10,0,0,0.0001453414945307867
2.0,separated,high,1.0,type-noisy,correct,noisy,0.9038381154482528,0.9038381154482528,0.18236126407304626,0.17465632338667778,0.7214768513752065,0.7214768513752065,0.0,0.0,10,0,0,0.0
2.0,separated,high,1.0,type-noisy,shifted,exact,0.7740294142676922,0.7754807709846999,0.18236126407304626,0.17465632338667778,0.591668150194646,0.5931195069116537,0.0014513567170077013,0.005482663181487229,10,0,0,0.0033981898462207725
2.0,separated,high,1.0,type-noisy,shifted,noisy,0.7781503538272159,0.7736655841800982,0.18236126407304626,0.17465632338667778,0.5957890897541696,0.591304320107052,-0.004484769647117548,0.006469424308806469,10,0,0,0.004009790729314235
2.0,separated,high,1.0,uniform,correct,exact,0.9548318826706943,0.9548318826706943,0.18236126407304626,0.17465632338667778,0.7724706185976481,0.7724706185976481,0.0,0.0,10,0,0,0.0
2.0,separated,high,1.0,uniform,correct,noisy,0.9497156192813684,0.9497156192813684,0.18236126407304626,0.17465632338667778,0.7673543552083221,0.7673543552083221,0.0,0.0,10,0,0,0.0
2.0,separated,high,1.0,uniform,shifted,exact,0.7334249653591574,0.7346760515604716,0.18236126407304626,0.17465632338667778,0.5510637012861112,0.5523147874874252,0.0012510862013141778,0.003658682160150101,10,0,0,0.0022676746966970537
2.0,separated,high,1.0,uniform,shifted,noisy,0.706231407072345,0.7048632611768926,0.18236126407304626,0.17465632338667778,0.5238701429992987,0.5225019971038464,-0.0013681458954523662,0.004947568777502864,10,0,0,0.0030665348985798014
2.0,separated,high,1.5,type-noisy,correct,exact,0.901347957291087,0.9042776982938537,0.18236126407304626,0.17465632338667778,0.7189866932180407,0.7219164342208074,0.0029297410027667057,0.009817414768996632,10,0,0,0.006084896715302611
2.0,separated,high,1.5,type-noisy,correct,noisy,0.954784127898539,0.9540066388289192,0.18236126407304626,0.17465632338667778,0.7724228638254927,0.771645374755873,-0.0007774890696197079,0.0040487835323890255,10,0,0,0.0025094620322049606
2.0,separated,high,1.5,type-noisy,shifted,exact,0.9601141277516387,0.9593938960187212,0.18236126407304626,0.17465632338667778,0.7777528636785924,0.7770326319456748,-0.0007202317329176089,0.007241340895300992,10,0,0,0.004488229586403308
2.0,separated,high,1.5,type-noisy,shifted,noisy,0.92840713491548,0.9276504054466373,0.18236126407304626,0.17465632338667778,0.7460458708424337,0.7452891413735911,-0.000756729468842543,0.008641195000963497,10,0,0,0.0053558681501062865
2.0,separated,high,1.5,uniform,correct,exact,0.9594987985639492,0.9594987985639492,0.18236126407304626,0.17465632338667778,0.7771375344909028,0.7771375344909028,0.0,0.0,10,0,0,0.0
2.0,separated,high,1.5,uniform,correct,noisy,0.9594987985639492,0.9594987985639492,0.18236126407304626,0.17465632338667778,0.7771375344909028,0.7771375344909028,0.0,0.0,10,0,0,0.0
2.0,separated,high,1.5,uniform,shifted,exact,0.9752279328675829,0.9727287641931103,0.18236126407304626,0.17465632338667778,0.7928666687945367,0.790367500120064,-0.002499168674472718,0.008080836773810798,10,0,0,0.005008554522636644
2.0,separated,high,1.5,uniform,shifted,noisy,0.9752279328675829,0.9727287641931103,0.18236126407304626,0.17465632338667778,0.7928666687945367,0.790367500120064,-0.002499168674472718,0.008080836773810798,10,0,0,0.005008554522636644
2.0,separated,high,2.0,type-noisy,correct,exact,0.9571190287415561,0.9615469026333334,0.18236126407304626,0.17465632338667778,0.7747577646685099,0.7791856385602872,0.004427873891777334,0.007714486807961928,10,0,0,0.004781488461326408
2.0,separated,high,2.0,type-noisy,correct,noisy,0.9626709676155208,0.9637009235242167,0.18236126407304626,0.17465632338667778,0.7803097035424746,0.7813396594511703,0.001029955908695812,0.006412791693171228,10,0,0,0.003974689470483231
2.0,separated,high,2.0,type-noisy,shifted,exact,0.9703826638658984,0.9678714795466442,0.18236126407304626,0.17465632338667778,0.7880213997928521,0.7855102154735979,-0.0025111843192542117,0.008076118733715951,10,0,0,0.005005630251089469
2.0,separated,high,2.0,type-noisy,shifted,noisy,0.9580087351323577,0.9583155711544512,0.18236126407304626,0.17465632338667778,0.7756474710593115,0.7759543070814049,0.000306836022093393,0.004711307935153785,10,0,0,0.002920098911368122
2.0,separated,high,2.0,uniform,correct,exact,0.9684848308914132,0.9674269815273535,0.18236126407304626,0.17465632338667778,0.7861235668183669,0.7850657174543072,-0.0010578493640596043,0.00356595656613796,10,0,0,0.002210202778100848
2.0,separated,high,2.0,uniform,correct,noisy,0.9568800679075651,0.9557865951519149,0.18236126407304626,0.17465632338667778,0.7745188038345188,0.7734253310788687,-0.0010934727556500489,0.003355037043915708,10,0,0,0.002079473503830352
2.0,separated,high,2.0,uniform,shifted,exact,0.9752279328675829,0.9727287641931103,0.18236126407304626,0.17465632338667778,0.7928666687945367,0.790367500120064,-0.002499168674472718,0.008080836773810798,10,0,0,0.005008554522636644
2.0,separated,high,2.0,uniform,shifted,noisy,0.9752279328675829,0.9727287641931103,0.18236126407304626,0.17465632338667778,0.7928666687945367,0.790367500120064,-0.002499168674472718,0.008080836773810798,10,0,0,0.005008554522636644
2.0,separated,low,0.5,type-noisy,correct,exact,0.8861075591480712,0.8861075591480712,0.7599892386498234,0.7557391565488408,0.12611832049824773,0.12611832049824773,0.0,0.0,10,0,0,0.0
2.0,separated,low,0.5,type-noisy,correct,noisy,0.845230737538761,0.845230737538761,0.7599892386498234,0.7557391565488408,0.08524149888893753,0.08524149888893753,0.0,0.0,10,0,0,0.0
2.0,separated,low,0.5,type-noisy,shifted,exact,0.7853494764406455,0.7834459089257655,0.7599892386498234,0.7557391565488408,0.025360237790822037,0.02345667027594206,-0.001903567514879978,0.0024742762958350436,10,0,0,0.0015335723364590518
2.0,separated,low,0.5,type-noisy,shifted,noisy,0.782371603919478,0.7823258790577652,0.7599892386498234,0.7557391565488408,0.022382365269654626,0.022336640407941734,-4.572486171289247e-05,0.003503843610295349,10,0,0,0.0021717047692178977
2.0,separated,low,0.5,uniform,correct,exact,0.8647553366905985,0.8647553366905985,0.7599892386498234,0.7557391565488408,0.104766098040775,0.104766098040775,0.0,0.0,10,0,0,0.0
2.0,separated,low,0.5,uniform,correct,noisy,0.843905464735488,0.843905464735488,0.7599892386498234,0.7557391565488408,0.08391622608566453,0.08391622608566453,0.0,0.0,10,0,0,0.0
2.0,separated,low,0.5,uniform,shifted,exact,0.7808682444802869,0.7799020034743698,0.7599892386498234,0.7557391565488408,0.020879005830463558,0.01991276482454628,-0.0009662410059172788,0.003278849441677984,10,0,0,0.002032251938732875
2.0,separated,low,0.5,uniform,shifted,noisy,0.7826653576672462,0.7820800088684561,0.7599892386498234,0.7557391565488408,0.02267611901742279,0.022090770218632726,-0.0005853487987900641,0.0018507594066125778,10,0,0,0.0011471125646719783
2.0,separated,low,1.0,type-noisy,correct,exact,0.9312491630888328,0.9312491630888328,0.7599892386498234,0.7557391565488408,0.1712599244390093,0.1712599244390093,0.0,0.0,10,0,0,0.0
2.0,separated,low,1.0,type-noisy,correct,noisy,0.8790831177050238,0.8792403678339762,0.7599892386498234,0.7557391565488408,0.11909387905520034,0.11925112918415279,0.0001572501289524353,0.0005848458957965124,10,0,0,0.0003624912417400211
2.0,separated,low,1.0,type-noisy,shifted,exact,0.8252950848807512,0.8223219685596161,0.7599892386498234,0.7557391565488408,0.0653058462309278,0.06233272990979268,-0.0029731163211351164,0.004260177218481282,10,0,0,0.002640485196286878
2.0,separated,low,1.0,type-noisy,shifted,noisy,0.8218113640059064,0.811796762330294,0.7599892386498234,0.7557391565488408,0.061822125356082926,0.05180752368047067,-0.010014601675612255,0.00931192906928428,10,0,0,0.0057715934326985595
2.0,separated,low,1.0,uniform,correct,exact,0.9675454790337605,0.9675454790337605,0.7599892386498234,0.7557391565488408,0.20755624038393714,0.20755624038393714,0.0,0.0,10,0,0,0.0
2.0,separated,low,1.0,uniform,correct,noisy,0.8976327926537403,0.8976327926537403,0.7599892386498234,0.7557391565488408,0.13764355400391678,0.13764355400391678,0.0,0.0,10,0,0,0.0
2.0,separated,low,1.0,uniform,shifted,exact,0.8237327513007553,0.818053520596643,0.7599892386498234,0.7557391565488408,0.06374351265093185,0.05806428194681958,-0.005679230704112271,0.004222521482686861,10,0,0,0.002617145929439218
2.0,separated,low,1.0,uniform,shifted,noisy,0.8080110518427264,0.8001341760875034,0.7599892386498234,0.7557391565488408,0.048021813192902954,0.04014493743768007,-0.00787687575522288,0.009019117624646364,10,0,0,0.0055901070190546185
2.0,separated,low,1.5,type-noisy,correct,exact,0.9187802088930308,0.9183704990399958,0.7599892386498234,0.7557391565488408,0.15879097024320737,0.15838126039017236,-0.00040970985303502295,0.001364635981287572,10,0,0,0.000845810144065978
2.0,separated,low,1.5,type-noisy,correct,noisy,0.8772194173437722,0.8757277120263014,0.7599892386498234,0.7557391565488408,0.11723017869394872,0.11573847337647795,-0.0014917053174707483,0.004251249368879601,10,0,0,0.002634951657774525
2.0,separated,low,1.5,type-noisy,shifted,exact,0.8437617336272776,0.8390618833819712,0.7599892386498234,0.7557391565488408,0.08377249497745422,0.07907264473214774,-0.00469985024530647,0.004769631734016013,10,0,0,0.002956248376422965
2.0,separated,low,1.5,type-noisy,shifted,noisy,0.8350155725655739,0.8304120516328382,0.7599892386498234,0.7557391565488408,0.07502633391575045,0.07042281298301477,-0.004603520932735683,0.004897515677914125,10,0,0,0.0030355116660440774
2.0,separated,low,1.5,uniform,correct,exact,0.891497593104592,0.891497593104592,0.7599892386498234,0.7557391565488408,0.13150835445476852,0.13150835445476852,0.0,0.0,10,0,0,0.0
2.0,separated,low,1.5,uniform,correct,noisy,0.9006990004451823,0.9006316892816535,0.7599892386498234,0.7557391565488408,0.14070976179535882,0.1406424506318302,-6.73111635286161e-05,0.00027947548701530596,10,0,0,0.00017322070147402326
2.0,separated,low,1.5,uniform,shifted,exact,0.84232057388367,0.838996134494231,0.7599892386498234,0.7557391565488408,0.08233133523384652,0.0790068958444076,-0.0033244393894389045,0.005475446351771084,10,0,0,0.0033937168088206053
2.0,separated,low,1.5,uniform,shifted,noisy,0.8445570857878059,0.8390295140716134,0.7599892386498234,0.7557391565488408,0.08456784713798249,0.0790402754217899,-0.005527571716192581,0.010322424633724292,10,0,0,0.006397905072327626
2.0,separated,low,2.0,type-noisy,correct,exact,0.9273543033626014,0.9276261081199401,0.7599892386498234,0.7557391565488408,0.167365064712778,0.16763686947011663,0.00027180475733865614,0.005890114177388745,10,0,0,0.003650730589883506
2.0,separated,low,2.0,type-noisy,correct,noisy,0.8619557510216088,0.8649645654944134,0.7599892386498234,0.7557391565488408,0.10196651237178536,0.10497532684458995,0.0030088144728045996,0.009615854395759607,10,0,0,0.0059599683016719335
2.0,separated,low,2.0,type-noisy,shifted,exact,0.84219119602078,0.8390634626272189,0.7599892386498234,0.7557391565488408,0.08220195737095642,0.0790742239773954,-0.0031277333935610272,0.005156770946692873,10,0,0,0.0031961997464131143
2.0,separated,low,2.0,type-noisy,shifted,noisy,0.8374978984130543,0.8346804467635461,0.7599892386498234,0.7557391565488408,0.07750865976323087,0.07469120811372283,-0.0028174516495080514,0.004185670605783181,10,0,0,0.002594305519300354
2.0,separated,low,2.0,uniform,correct,exact,0.935850206630643,0.936407280406835,0.7599892386498234,0.7557391565488408,0.17586096798081968,0.1764180417570115,0.0005570737761918298,0.001520762812350466,10,0,0,0.0009425785565105002
2.0,separated,low,2.0,uniform,correct,noisy,0.873264707945465,0.8751222840147987,0.7599892386498234,0.7557391565488408,0.11327546929564143,0.11513304536497522,0.0018575760693337773,0.005777304725112781,10,0,0,0.0035808105669690353
2.0,separated,low,2.0,uniform,shifted,exact,0.84232057388367,0.838996134494231,0.7599892386498234,0.7557391565488408,0.08233133523384652,0.0790068958444076,-0.0033244393894389045,0.005475446351771084,10,0,0,0.0033937168088206053
2.0,separated,low,2.0,uniform,shifted,noisy,0.853323757770557,0.8511530235644049,0.7599892386498234,0.7557391565488408,0.09333451912073357,0.09116378491458138,-0.0021707342061521805,0.0038202370589661095,10,0,0,0.002367807460390712
2.0,separated,medium,0.5,type-noisy,correct,exact,0.7501620544816903,0.7501620544816903,0.4155159008971202,0.4092088902001957,0.33464615358457006,0.33464615358457006,0.0,0.0,10,0,0,0.0
2.0,separated,medium,0.5,type-noisy,correct,noisy,0.6641153556116242,0.6641153556116242,0.4155159008971202,0.4092088902001957,0.24859945471450393,0.24859945471450393,0.0,0.0,10,0,0,0.0
2.0,separated,medium,0.5,type-noisy,shifted,exact,0.5329340654538853,0.5327223417011722,0.4155159008971202,0.4092088902001957,0.11741816455676517,0.117206440804052,-0.00021172375271317213,0.004358257028634163,10,0,0,0.00270127569242864
2.0,separated,medium,0.5,type-noisy,shifted,noisy,0.5421805321597587,0.5433955454081161,0.4155159008971202,0.4092088902001957,0.12666463126263855,0.12787964451099598,0.0012150132483574605,0.0031884696435701423,10,0,0,0.0019762339595014314
2.0,separated,medium,0.5,uniform,correct,exact,0.6930250942463517,0.6930250942463517,0.4155159008971202,0.4092088902001957,0.2775091933492315,0.2775091933492315,0.0,0.0,10,0,0,0.0
2.0,separated,medium,0.5,uniform,correct,noisy,0.6901212395456198,0.6901212395456198,0.4155159008971202,0.4092088902001957,0.27460533864849956,0.27460533864849956,0.0,0.0,10,0,0,0.0
2.0,separated,medium,0.5,uniform,shifted,exact,0.5344744837760164,0.5347625988734062,0.4155159008971202,0.4092088902001957,0.11895858287889624,0.11924669797628602,0.0002881150973897739,0.0021391759485161004,10,0,0,0.0013258749893797453
2.0,separated,medium,0.5,uniform,shifted,noisy,0.5273388885458214,0.5262118824193528,0.4155159008971202,0.4092088902001957,0.11182298764870136,0.11069598152223263,-0.001127006126468727,0.0022990090091508505,10,0,0,0.0014249405467120608
2.0,separated,medium,1.0,type-noisy,correct,exact,0.9056629544274559,0.9056629544274559,0.4155159008971202,0.4092088902001957,0.4901470535303357,0.4901470535303357,0.0,0.0,10,0,0,0.0
2.0,separated,medium,1.0,type-noisy,correct,noisy,0.9005295457876313,0.9013527431740318,0.4155159008971202,0.4092088902001957,0.48501364489051113,0.4858368422769116,0.0008231973864004649,0.0023108035268198054,10,0,0,0.0014322508645005121
2.0,separated,medium,1.0,type-noisy,shifted,exact,0.6907056162945806,0.6910297244239164,0.4155159008971202,0.4092088902001957,0.27518971539746045,0.27551382352679626,0.00032410812933578723,0.004599975512791333,10,0,0,0.002851094361078637
2.0,separated,medium,1.0,type-noisy,shifted,noisy,0.7018560862451214,0.6988740604545878,0.4155159008971202,0.4092088902001957,0.28634018534800126,0.28335815955746757,-0.002982025790533682,0.00839239388807664,10,0,0,0.005201659622689287
2.0,separated,medium,1.0,uniform,correct,exact,0.9525263852103857,0.9525263852103857,0.4155159008971202,0.4092088902001957,0.5370104843132655,0.5370104843132655,0.0,0.0,10,0,0,0.0
2.0,separated,medium,1.0,uniform,correct,noisy,0.9133466672584897,0.9133466672584897,0.4155159008971202,0.4092088902001957,0.49783076636136947,0.49783076636136947,0.0,0.0,10,0,0,0.0
2.0,separated,medium,1.0,uniform,shifted,exact,0.674847058849277,0.6709182808352768,0.4155159008971202,0.4092088902001957,0.2593311579521569,0.2554023799381567,-0.0039287780140002115,0.005633478237599875,10,0,0,0.0034916659864421356
2.0,separated,medium,1.0,uniform,shifted,noisy,0.6655483772189661,0.6560573694885967,0.4155159008971202,0.4092088902001957,0.2500324763218459,0.24054146859147654,-0.009491007730369417,0.009975768468058796,10,0,0,0.006183045354832675
2.0,separated,medium,1.5,type-noisy,correct,exact,0.8807490827655682,0.881392772998789,0.4155159008971202,0.4092088902001957,0.465233181868448,0.46587687210166884,0.0006436902332208838,0.0028028419636184822,10,0,0,0.001737219447200507
2.0,separated,medium,1.5,type-noisy,correct,noisy,0.8897062716532254,0.8890958405067948,0.4155159008971202,0.4092088902001957,0.47419037075610515,0.47357993960967476,-0.0006104311464304013,0.005534235486425787,10,0,0,0.0034301546919877283
2.0,separated,medium,1.5,type-noisy,shifted,exact,0.7782042932821361,0.7746560898672705,0.4155159008971202,0.4092088902001957,0.362688392385016,0.35914018897015026,-0.0035482034148657136,0.009873924781268674,10,0,0,0.00611992198378182
2.0,separated,medium,1.5,type-noisy,shifted,noisy,0.7683057189223682,0.7665956320663458,0.4155159008971202,0.4092088902001957,0.35278981802524806,0.35107973116922564,-0.0017100868560224192,0.01010662291590264,10,0,0,0.0062641497818741254
2.0,separated,medium,1.5,uniform,correct,exact,0.9271457351511939,0.9271457351511939,0.4155159008971202,0.4092088902001957,0.5116298342540737,0.5116298342540737,0.0,0.0,10,0,0,0.0
2.0,separated,medium,1.5,uniform,correct,noisy,0.9217224805414658,0.9217224805414658,0.4155159008971202,0.4092088902001957,0.5062065796443456,0.5062065796443456,0.0,0.0,10,0,0,0.0
2.0,separated,medium,1.5,uniform,shifted,exact,0.7831930957287414,0.7783134917356584,0.4155159008971202,0.4092088902001957,0.3676771948316212,0.36279759083853824,-0.004879603993082959,0.0069628280717498724,10,0,0,0.004315605549926028
2.0,separated,medium,1.5,uniform,shifted,noisy,0.7762674949944951,0.7715812533974662,0.4155159008971202,0.4092088902001957,0.36075159409737495,0.35606535250034604,-0.004686241597028862,0.007085321770088583,10,0,0,0.0043915279307365366
2.0,separated,medium,2.0,type-noisy,correct,exact,0.884624072080908,0.8829521125519622,0.4155159008971202,0.4092088902001957,0.4691081711837878,0.467436211654842,-0.0016719595289458212,0.002106313938487987,10,0,0,0.0013055069045444395
2.0,separated,medium,2.0,type-noisy,correct,noisy,0.8741610951866695,0.8799451098963129,0.4155159008971202,0.4092088902001957,0.45864519428954936,0.4644292089991927,0.005784014709643371,0.01613369292474328,10,0,0,0.009999766475538734
2.0,separated,medium,2.0,type-noisy,shifted,exact,0.7809652567390927,0.777120531855466,0.4155159008971202,0.4092088902001957,0.3654493558419726,0.3616046309583458,-0.003844724883626771,0.00764979439048571,10,0,0,0.004741391685559211
2.0,separated,medium,2.0,type-noisy,shifted,noisy,0.7751245109694029,0.7713853420304677,0.4155159008971202,0.4092088902001957,0.35960861007228273,0.3558694411333475,-0.003739168938935211,0.008761514297266872,10,0,0,0.005430442822572606
2.0,separated,medium,2.0,uniform,correct,exact,0.8879389977724887,0.8879586426848128,0.4155159008971202,0.4092088902001957,0.47242309687536865,0.47244274178769263,1.9644912323957263e-05,0.0014997412578632776,10,0,0,0.0009295492620516779
2.0,separated,medium,2.0,uniform,correct,noisy,0.8785175945377652,0.8788297309665836,0.4155159008971202,0.4092088902001957,0.46300169364064514,0.46331383006946353,0.0003121364288183881,0.0044502658490075874,10,0,0,0.002758303350120884
2.0,separated,medium,2.0,uniform,shifted,exact,0.7831930957287414,0.7783134917356584,0.4155159008971202,0.4092088902001957,0.3676771948316212,0.36279759083853824,-0.004879603993082959,0.0069628280717498724,10,0,0,0.004315605549926028
2.0,separated,medium,2.0,uniform,shifted,noisy,0.7831930957287414,0.7783134917356584,0.4155159008971202,0.4092088902001957,0.3676771948316212,0.36279759083853824,-0.004879603993082959,0.0069628280717498724,10,0,0,0.004315605549926028
